case_id,crime_no,case_category,registered_date,unit_id,district_id,crime_head_id,crime_subhead_id,gravity,status,lat,lng,brief_facts
1,100040019202500011,FIR,2025-08-01,19,4,3,9,Heinous,Charge Sheeted,17.41047,76.84714,Molestation reported in the jurisdiction.
2,100060030202500007,FIR,2025-08-01,30,6,2,7,Non-Heinous,Closed,13.38416,77.11906,Murder reported in the jurisdiction.
3,100050025202500010,FIR,2025-08-01,25,5,2,8,Heinous,Undetected,12.88094,74.89906,Assault reported in the jurisdiction.
4,100030016202500006,FIR,2025-08-02,16,3,2,8,Non-Heinous,Under Investigation,15.84769,74.40632,Assault reported in the jurisdiction.
5,100050024202500011,FIR,2025-08-02,24,5,5,14,Non-Heinous,Closed,13.00149,74.77071,Peddling reported in the jurisdiction.
6,100050025202500001,FIR,2025-08-03,25,5,1,5,Non-Heinous,Charge Sheeted,12.89848,74.88316,Robbery reported in the jurisdiction.
7,100040020202500003,FIR,2025-08-03,20,4,6,16,Non-Heinous,Charge Sheeted,17.38571,76.72183,Public Nuisance reported in the jurisdiction.
8,100030017202500005,FIR,2025-08-03,17,3,1,1,Non-Heinous,Under Investigation,15.9433,74.40861,Theft reported in the jurisdiction.
9,100060028202500019,FIR,2025-08-03,28,6,2,7,Heinous,Charge Sheeted,13.40394,77.01678,Murder reported in the jurisdiction.
10,100010006202500019,FIR,2025-08-03,6,1,5,14,Non-Heinous,Under Investigation,12.91089,77.6194,Peddling reported in the jurisdiction.
11,100050026202500017,FIR,2025-08-04,26,5,2,6,Heinous,Under Investigation,12.96839,74.90975,Grievous Hurt reported in the jurisdiction.
12,100040019202500018,FIR,2025-08-04,19,4,2,8,Non-Heinous,Charge Sheeted,17.43334,76.84409,Assault reported in the jurisdiction.
13,100020008202500014,FIR,2025-08-04,8,2,1,5,Non-Heinous,Charge Sheeted,12.3231,76.57026,Robbery reported in the jurisdiction.
14,100010002202500014,FIR,2025-08-04,2,1,3,10,Heinous,Undetected,12.90954,77.52396,Domestic Violence Complaint reported in the jurisdiction.
15,100030013202500019,FIR,2025-08-04,13,3,5,13,Non-Heinous,Charge Sheeted,15.75094,74.47244,Possession reported in the jurisdiction.
16,100030013202500003,FIR,2025-08-05,13,3,2,6,Heinous,Charge Sheeted,15.74905,74.4566,Grievous Hurt reported in the jurisdiction.
17,100040021202500007,FIR,2025-08-05,21,4,1,1,Non-Heinous,Under Investigation,17.24865,76.7932,Theft reported in the jurisdiction.
18,100040022202500017,FIR,2025-08-05,22,4,1,4,Non-Heinous,Under Investigation,17.22855,76.77544,Vehicle Theft reported in the jurisdiction.
19,100060028202500025,FIR,2025-08-05,28,6,1,5,Non-Heinous,Closed,13.41109,77.03469,Robbery reported in the jurisdiction.
20,100040019202500006,FIR,2025-08-06,19,4,5,13,Heinous,Charge Sheeted,17.43226,76.8408,Possession reported in the jurisdiction.
21,100030014202500007,FIR,2025-08-06,14,3,1,4,Non-Heinous,Charge Sheeted,15.8196,74.46726,Vehicle Theft reported in the jurisdiction.
22,100030017202500007,FIR,2025-08-06,17,3,1,1,Non-Heinous,Under Investigation,15.9394,74.37767,Theft reported in the jurisdiction.
23,100040019202500014,FIR,2025-08-06,19,4,3,10,Heinous,Under Investigation,17.42934,76.84335,Domestic Violence Complaint reported in the jurisdiction.
24,100020008202500010,FIR,2025-08-06,8,2,3,10,Heinous,Undetected,12.2938,76.55761,Domestic Violence Complaint reported in the jurisdiction.
25,100010005202500017,FIR,2025-08-06,5,1,4,11,Non-Heinous,Charge Sheeted,12.85661,77.51355,Online Financial Fraud reported in the jurisdiction.
26,100050023202500008,FIR,2025-08-07,23,5,6,15,Non-Heinous,Closed,12.89231,74.83756,Rioting reported in the jurisdiction.
27,100030017202500010,FIR,2025-08-07,17,3,1,2,Non-Heinous,Closed,15.93729,74.39614,Burglary / House-breaking reported in the jurisdiction.
28,100050023202500016,FIR,2025-08-07,23,5,1,2,Non-Heinous,Under Investigation,12.86576,74.84289,Burglary / House-breaking reported in the jurisdiction.
29,100040019202500024,FIR,2025-08-07,19,4,1,5,Non-Heinous,Charge Sheeted,17.4165,76.85145,Robbery — accused matches pattern seen in other station records.
30,100010006202500009,FIR,2025-08-08,6,1,1,4,Non-Heinous,Under Investigation,12.89635,77.61588,Vehicle Theft reported in the jurisdiction.
31,100020012202500008,FIR,2025-08-08,12,2,1,1,Non-Heinous,Charge Sheeted,12.20225,76.73607,Theft reported in the jurisdiction.
32,100020009202500003,FIR,2025-08-09,9,2,3,9,Non-Heinous,Closed,12.33152,76.70779,Molestation reported in the jurisdiction.
33,100010006202500012,FIR,2025-08-09,6,1,2,8,Non-Heinous,Charge Sheeted,12.89526,77.62758,Assault reported in the jurisdiction.
34,100010005202500006,FIR,2025-08-09,5,1,6,16,Non-Heinous,Under Investigation,12.84838,77.49524,Public Nuisance reported in the jurisdiction.
35,100060030202500010,FIR,2025-08-09,30,6,5,14,Non-Heinous,Under Investigation,13.36084,77.1237,Peddling reported in the jurisdiction.
36,100020009202500009,FIR,2025-08-09,9,2,4,11,Non-Heinous,Under Investigation,12.32848,76.71,Online Financial Fraud reported in the jurisdiction.
37,100060030202500011,FIR,2025-08-09,30,6,3,10,Heinous,Charge Sheeted,13.38503,77.13819,Domestic Violence Complaint reported in the jurisdiction.
38,100030013202500001,FIR,2025-08-10,13,3,2,6,Heinous,Under Investigation,15.74879,74.47369,Grievous Hurt reported in the jurisdiction.
39,100020007202500002,FIR,2025-08-10,7,2,1,2,Non-Heinous,Closed,12.21395,76.68245,Burglary / House-breaking reported in the jurisdiction.
40,100050026202500011,FIR,2025-08-10,26,5,1,5,Non-Heinous,Charge Sheeted,12.95992,74.88638,Robbery reported in the jurisdiction.
41,100010004202500021,FIR,2025-08-10,4,1,3,9,Heinous,Undetected,12.97244,77.63324,Molestation reported in the jurisdiction.
42,100040019202500013,FIR,2025-08-10,19,4,1,5,Non-Heinous,Under Investigation,17.43091,76.84984,Robbery reported in the jurisdiction.
43,100020012202500010,FIR,2025-08-10,12,2,2,8,Non-Heinous,Under Investigation,12.1965,76.75992,Assault reported in the jurisdiction.
44,100030014202500016,FIR,2025-08-10,14,3,3,9,Heinous,Closed,15.82851,74.46538,Molestation reported in the jurisdiction.
45,100030016202500017,FIR,2025-08-10,16,3,2,7,Non-Heinous,Charge Sheeted,15.82506,74.41834,Murder reported in the jurisdiction.
46,100050024202500002,FIR,2025-08-11,24,5,2,7,Heinous,Under Investigation,12.98862,74.76043,Murder reported in the jurisdiction.
47,100020007202500014,FIR,2025-08-11,7,2,2,8,Heinous,Closed,12.22168,76.69036,Assault reported in the jurisdiction.
48,100040022202500009,FIR,2025-08-12,22,4,2,6,Non-Heinous,Under Investigation,17.22235,76.77729,Grievous Hurt reported in the jurisdiction.
49,100020011202500008,FIR,2025-08-12,11,2,1,2,Non-Heinous,Under Investigation,12.33747,76.60902,Burglary / House-breaking reported in the jurisdiction.
50,100040020202500026,FIR,2025-08-12,20,4,1,5,Non-Heinous,Closed,17.38204,76.74397,Robbery — accused matches pattern seen in other station records.
51,100020008202500001,FIR,2025-08-13,8,2,6,16,Non-Heinous,Undetected,12.32432,76.56543,Public Nuisance reported in the jurisdiction.
52,100010004202500005,FIR,2025-08-13,4,1,1,5,Non-Heinous,Closed,12.97777,77.61977,Robbery reported in the jurisdiction.
53,100010005202500019,FIR,2025-08-13,5,1,3,9,Non-Heinous,Charge Sheeted,12.84888,77.4969,Molestation reported in the jurisdiction.
54,100030014202500018,FIR,2025-08-13,14,3,1,2,Non-Heinous,Under Investigation,15.83341,74.44422,Burglary / House-breaking reported in the jurisdiction.
55,100010005202500011,FIR,2025-08-14,5,1,1,5,Non-Heinous,Charge Sheeted,12.87287,77.51274,Robbery reported in the jurisdiction.
56,100040018202500028,FIR,2025-08-14,18,4,1,5,Non-Heinous,Charge Sheeted,17.42524,76.87498,Robbery — accused matches pattern seen in other station records.
57,100040018202500001,FIR,2025-08-15,18,4,4,11,Non-Heinous,Charge Sheeted,17.42758,76.84988,Online Financial Fraud reported in the jurisdiction.
58,100010001202500001,FIR,2025-08-15,1,1,3,9,Heinous,Under Investigation,12.88643,77.64493,Molestation reported in the jurisdiction.
59,100020009202500005,FIR,2025-08-15,9,2,3,9,Heinous,Under Investigation,12.31685,76.72183,Molestation reported in the jurisdiction.
60,100040021202500022,FIR,2025-08-15,21,4,2,8,Non-Heinous,Closed,17.26094,76.79433,Assault reported in the jurisdiction.
61,100030016202500007,FIR,2025-08-16,16,3,2,6,Non-Heinous,Under Investigation,15.82561,74.39746,Grievous Hurt reported in the jurisdiction.
62,100030015202500010,FIR,2025-08-16,15,3,6,15,Non-Heinous,Under Investigation,15.79659,74.3931,Rioting reported in the jurisdiction.
63,100060027202500008,FIR,2025-08-16,27,6,6,15,Non-Heinous,Closed,13.3815,77.0539,Rioting reported in the jurisdiction.
64,200060028202500002,UDR,2025-08-16,28,6,4,11,Non-Heinous,Closed,13.40409,77.04753,Online Financial Fraud reported in the jurisdiction.
65,100050024202500016,FIR,2025-08-16,24,5,6,15,Non-Heinous,Closed,12.98253,74.7886,Rioting reported in the jurisdiction.
66,100040021202500018,FIR,2025-08-16,21,4,4,12,Non-Heinous,Undetected,17.27023,76.77913,Social Media Harassment reported in the jurisdiction.
67,100020009202500012,FIR,2025-08-16,9,2,4,12,Non-Heinous,Charge Sheeted,12.29768,76.72086,Social Media Harassment reported in the jurisdiction.
68,100010006202500021,FIR,2025-08-16,6,1,3,9,Heinous,Under Investigation,12.88928,77.6286,Molestation reported in the jurisdiction.
69,100040022202500022,FIR,2025-08-16,22,4,3,9,Heinous,Under Investigation,17.22847,76.75892,Molestation reported in the jurisdiction.
70,100020008202500004,FIR,2025-08-17,8,2,1,5,Non-Heinous,Under Investigation,12.32308,76.56048,Robbery reported in the jurisdiction.
71,100040020202500012,FIR,2025-08-17,20,4,1,5,Non-Heinous,Closed,17.39008,76.71454,Robbery reported in the jurisdiction.
72,100050023202500018,FIR,2025-08-17,23,5,2,8,Non-Heinous,Under Investigation,12.8724,74.85216,Assault reported in the jurisdiction.
73,100050025202500017,FIR,2025-08-17,25,5,1,2,Non-Heinous,Closed,12.87999,74.88907,Burglary / House-breaking reported in the jurisdiction.
74,100020010202500011,FIR,2025-08-18,10,2,4,11,Non-Heinous,Under Investigation,12.17355,76.71297,Online Financial Fraud reported in the jurisdiction.
75,100040021202500015,FIR,2025-08-18,21,4,2,8,Non-Heinous,Under Investigation,17.27364,76.78631,Assault reported in the jurisdiction.
76,100020011202500018,FIR,2025-08-18,11,2,1,1,Non-Heinous,Closed,12.34665,76.58468,Theft reported in the jurisdiction.
77,100030016202500001,FIR,2025-08-19,16,3,3,9,Non-Heinous,Undetected,15.8276,74.40194,Molestation reported in the jurisdiction.
78,100060030202500002,FIR,2025-08-19,30,6,6,16,Non-Heinous,Under Investigation,13.37076,77.13606,Public Nuisance reported in the jurisdiction.
79,100060027202500017,FIR,2025-08-19,27,6,2,7,Heinous,Closed,13.3589,77.02129,Murder reported in the jurisdiction.
80,400060030202500001,Zero FIR,2025-08-20,30,6,3,10,Non-Heinous,Under Investigation,13.37561,77.14811,Domestic Violence Complaint reported in the jurisdiction.
81,100010001202500003,FIR,2025-08-20,1,1,4,11,Non-Heinous,Charge Sheeted,12.89285,77.65529,Online Financial Fraud reported in the jurisdiction.
82,100010003202500003,FIR,2025-08-20,3,1,4,12,Non-Heinous,Under Investigation,12.86955,77.65936,Social Media Harassment reported in the jurisdiction.
83,100060028202500015,FIR,2025-08-20,28,6,1,5,Non-Heinous,Charge Sheeted,13.37461,77.02765,Robbery reported in the jurisdiction.
84,100040021202500019,FIR,2025-08-20,21,4,2,6,Non-Heinous,Closed,17.26687,76.79902,Grievous Hurt reported in the jurisdiction.
85,100040019202500017,FIR,2025-08-20,19,4,6,15,Non-Heinous,Charge Sheeted,17.40087,76.84681,Rioting reported in the jurisdiction.
86,100030015202500006,FIR,2025-08-21,15,3,1,1,Non-Heinous,Undetected,15.79437,74.38147,Theft reported in the jurisdiction.
87,100040018202500008,FIR,2025-08-21,18,4,6,16,Non-Heinous,Closed,17.42351,76.86192,Public Nuisance reported in the jurisdiction.
88,100040019202500010,FIR,2025-08-21,19,4,1,3,Non-Heinous,Charge Sheeted,17.42937,76.84055,Chain Snatching reported in the jurisdiction.
89,100050023202500017,FIR,2025-08-21,23,5,1,1,Non-Heinous,Charge Sheeted,12.87124,74.85916,Theft reported in the jurisdiction.
90,100010003202500018,FIR,2025-08-21,3,1,2,8,Heinous,Charge Sheeted,12.87988,77.64457,Assault reported in the jurisdiction.
91,100050025202500016,FIR,2025-08-21,25,5,3,9,Non-Heinous,Under Investigation,12.89628,74.89029,Molestation reported in the jurisdiction.
92,100010001202500008,FIR,2025-08-22,1,1,1,2,Non-Heinous,Closed,12.87059,77.65814,Burglary / House-breaking reported in the jurisdiction.
93,100050023202500014,FIR,2025-08-22,23,5,4,11,Non-Heinous,Charge Sheeted,12.86626,74.85964,Online Financial Fraud reported in the jurisdiction.
94,100010006202500018,FIR,2025-08-22,6,1,1,5,Non-Heinous,Under Investigation,12.92512,77.62995,Robbery reported in the jurisdiction.
95,100020009202500013,FIR,2025-08-22,9,2,2,6,Heinous,Under Investigation,12.30326,76.73289,Grievous Hurt reported in the jurisdiction.
96,100060028202500001,FIR,2025-08-23,28,6,5,14,Non-Heinous,Charge Sheeted,13.39181,77.05306,Peddling reported in the jurisdiction.
97,100060027202500009,FIR,2025-08-23,27,6,1,4,Non-Heinous,Under Investigation,13.35053,77.0535,Vehicle Theft reported in the jurisdiction.
98,100040021202500005,FIR,2025-08-24,21,4,2,8,Non-Heinous,Charge Sheeted,17.26789,76.79793,Assault reported in the jurisdiction.
99,100040021202500014,FIR,2025-08-24,21,4,5,14,Non-Heinous,Under Investigation,17.2486,76.78896,Peddling reported in the jurisdiction.
100,100010003202500022,FIR,2025-08-24,3,1,1,2,Non-Heinous,Closed,12.86061,77.659,Burglary / House-breaking — accused matches pattern seen in other station records.
101,100010005202500004,FIR,2025-08-25,5,1,2,6,Non-Heinous,Undetected,12.87309,77.48677,Grievous Hurt reported in the jurisdiction.
102,200060030202500001,UDR,2025-08-25,30,6,1,1,Non-Heinous,Charge Sheeted,13.37869,77.13978,Theft reported in the jurisdiction.
103,100050023202500012,FIR,2025-08-25,23,5,4,11,Non-Heinous,Under Investigation,12.89477,74.83375,Online Financial Fraud reported in the jurisdiction.
104,100010003202500015,FIR,2025-08-25,3,1,5,13,Non-Heinous,Charge Sheeted,12.88906,77.64543,Possession reported in the jurisdiction.
105,100040022202500021,FIR,2025-08-25,22,4,2,8,Heinous,Under Investigation,17.22747,76.78572,Assault reported in the jurisdiction.
106,100040021202500021,FIR,2025-08-26,21,4,1,1,Non-Heinous,Charge Sheeted,17.24478,76.76638,Theft reported in the jurisdiction.
107,100020007202500018,FIR,2025-08-26,7,2,4,12,Non-Heinous,Under Investigation,12.21828,76.68577,Social Media Harassment reported in the jurisdiction.
108,100060028202500002,FIR,2025-08-27,28,6,5,14,Heinous,Charge Sheeted,13.39691,77.03059,Peddling reported in the jurisdiction.
109,100040020202500002,FIR,2025-08-27,20,4,1,3,Non-Heinous,Charge Sheeted,17.38898,76.70729,Chain Snatching reported in the jurisdiction.
110,100020007202500015,FIR,2025-08-27,7,2,2,8,Heinous,Charge Sheeted,12.21215,76.67895,Assault reported in the jurisdiction.
111,100030017202500013,FIR,2025-08-27,17,3,5,14,Heinous,Undetected,15.93423,74.38016,Peddling reported in the jurisdiction.
112,100060029202500002,FIR,2025-08-28,29,6,3,10,Heinous,Under Investigation,13.30468,77.23091,Domestic Violence Complaint reported in the jurisdiction.
113,100010004202500015,FIR,2025-08-28,4,1,2,6,Heinous,Under Investigation,12.97254,77.62574,Grievous Hurt reported in the jurisdiction.
114,100050025202500015,FIR,2025-08-28,25,5,3,9,Heinous,Closed,12.88638,74.87941,Molestation reported in the jurisdiction.
115,100010002202500018,FIR,2025-08-28,2,1,2,8,Heinous,Charge Sheeted,12.91042,77.51031,Assault reported in the jurisdiction.
116,100060028202500010,FIR,2025-08-29,28,6,1,3,Non-Heinous,Under Investigation,13.39381,77.02631,Chain Snatching reported in the jurisdiction.
117,100010005202500007,FIR,2025-08-29,5,1,2,7,Non-Heinous,Undetected,12.86343,77.49583,Murder reported in the jurisdiction.
118,100030015202500015,FIR,2025-08-29,15,3,3,9,Heinous,Undetected,15.81194,74.39741,Molestation reported in the jurisdiction.
119,100010005202500013,FIR,2025-08-29,5,1,1,3,Non-Heinous,Undetected,12.84999,77.49369,Chain Snatching reported in the jurisdiction.
120,100040021202500026,FIR,2025-08-29,21,4,1,2,Non-Heinous,Under Investigation,17.28282,76.77721,Burglary / House-breaking reported in the jurisdiction.
121,100050026202500021,FIR,2025-08-29,26,5,3,9,Non-Heinous,Closed,12.96895,74.88106,Molestation reported in the jurisdiction.
122,100030016202500024,FIR,2025-08-29,16,3,1,2,Non-Heinous,Under Investigation,15.83165,74.4275,Burglary / House-breaking — accused matches pattern seen in other station records.
123,100060027202500003,FIR,2025-08-30,27,6,2,7,Heinous,Under Investigation,13.36235,77.05509,Murder reported in the jurisdiction.
124,100040021202500006,FIR,2025-08-30,21,4,4,12,Non-Heinous,Charge Sheeted,17.28146,76.79318,Social Media Harassment reported in the jurisdiction.
125,100040020202500004,FIR,2025-08-30,20,4,6,16,Non-Heinous,Closed,17.38342,76.71844,Public Nuisance reported in the jurisdiction.
126,100040022202500015,FIR,2025-08-30,22,4,2,6,Non-Heinous,Under Investigation,17.24009,76.78996,Grievous Hurt reported in the jurisdiction.
127,100010003202500019,FIR,2025-08-30,3,1,6,16,Non-Heinous,Charge Sheeted,12.86489,77.6345,Public Nuisance reported in the jurisdiction.
128,100030016202500008,FIR,2025-08-31,16,3,3,9,Non-Heinous,Undetected,15.84474,74.40538,Molestation reported in the jurisdiction.
129,100020007202500007,FIR,2025-08-31,7,2,2,6,Non-Heinous,Under Investigation,12.21054,76.68111,Grievous Hurt reported in the jurisdiction.
130,100040020202500014,FIR,2025-08-31,20,4,4,12,Non-Heinous,Under Investigation,17.36959,76.72978,Social Media Harassment reported in the jurisdiction.
131,100010003202500020,FIR,2025-09-01,3,1,2,7,Heinous,Under Investigation,12.89188,77.64939,Murder reported in the jurisdiction.
132,100010001202500010,FIR,2025-09-02,1,1,1,2,Non-Heinous,Under Investigation,12.8671,77.66074,Burglary / House-breaking reported in the jurisdiction.
133,100030014202500010,FIR,2025-09-02,14,3,3,10,Heinous,Charge Sheeted,15.81882,74.4561,Domestic Violence Complaint reported in the jurisdiction.
134,100010003202500001,FIR,2025-09-03,3,1,1,1,Non-Heinous,Charge Sheeted,12.88204,77.66473,Theft reported in the jurisdiction.
135,100040019202500005,FIR,2025-09-03,19,4,2,6,Non-Heinous,Closed,17.42635,76.83796,Grievous Hurt reported in the jurisdiction.
136,100040021202500004,FIR,2025-09-03,21,4,5,14,Heinous,Undetected,17.24663,76.76584,Peddling reported in the jurisdiction.
137,100050024202500009,FIR,2025-09-03,24,5,6,16,Non-Heinous,Under Investigation,13.0109,74.76166,Public Nuisance reported in the jurisdiction.
138,100040019202500015,FIR,2025-09-03,19,4,2,8,Heinous,Closed,17.41735,76.86194,Assault reported in the jurisdiction.
139,100030013202500016,FIR,2025-09-03,13,3,3,10,Heinous,Closed,15.77263,74.46201,Domestic Violence Complaint reported in the jurisdiction.
140,100060027202500016,FIR,2025-09-03,27,6,5,13,Non-Heinous,Under Investigation,13.36153,77.0528,Possession reported in the jurisdiction.
141,100040018202500025,FIR,2025-09-03,18,4,2,7,Heinous,Under Investigation,17.39764,76.86935,Murder reported in the jurisdiction.
142,100030017202500014,FIR,2025-09-03,17,3,3,10,Heinous,Under Investigation,15.96099,74.406,Domestic Violence Complaint reported in the jurisdiction.
143,100030015202500002,FIR,2025-09-04,15,3,4,11,Non-Heinous,Closed,15.8056,74.37273,Online Financial Fraud reported in the jurisdiction.
144,100030016202500009,FIR,2025-09-04,16,3,2,7,Heinous,Under Investigation,15.83498,74.42536,Murder reported in the jurisdiction.
145,100030015202500021,FIR,2025-09-04,15,3,5,14,Heinous,Undetected,15.79899,74.38017,Peddling reported in the jurisdiction.
146,100010002202500015,FIR,2025-09-04,2,1,1,5,Non-Heinous,Under Investigation,12.90255,77.51635,Robbery reported in the jurisdiction.
147,100040022202500001,FIR,2025-09-05,22,4,4,12,Non-Heinous,Charge Sheeted,17.2225,76.78415,Social Media Harassment reported in the jurisdiction.
148,100030013202500005,FIR,2025-09-05,13,3,2,7,Non-Heinous,Closed,15.75129,74.46708,Murder reported in the jurisdiction.
149,100020009202500007,FIR,2025-09-05,9,2,3,9,Heinous,Charge Sheeted,12.32454,76.69672,Molestation reported in the jurisdiction.
150,100060028202500016,FIR,2025-09-05,28,6,4,12,Non-Heinous,Closed,13.39796,77.02669,Social Media Harassment reported in the jurisdiction.
151,100040018202500020,FIR,2025-09-05,18,4,2,8,Heinous,Undetected,17.41489,76.88084,Assault reported in the jurisdiction.
152,100040019202500020,FIR,2025-09-05,19,4,3,10,Non-Heinous,Under Investigation,17.40006,76.84002,Domestic Violence Complaint reported in the jurisdiction.
153,100030016202500003,FIR,2025-09-06,16,3,1,4,Non-Heinous,Undetected,15.84882,74.41137,Vehicle Theft reported in the jurisdiction.
154,100010002202500012,FIR,2025-09-06,2,1,4,12,Non-Heinous,Closed,12.90038,77.51519,Social Media Harassment reported in the jurisdiction.
155,100030015202500025,FIR,2025-09-06,15,3,5,14,Heinous,Under Investigation,15.78672,74.37885,Peddling reported in the jurisdiction.
156,100050026202500001,FIR,2025-09-07,26,5,2,8,Heinous,Under Investigation,12.94871,74.90852,Assault reported in the jurisdiction.
157,100010002202500001,FIR,2025-09-07,2,1,1,3,Non-Heinous,Undetected,12.92214,77.51041,Chain Snatching reported in the jurisdiction.
158,100020007202500005,FIR,2025-09-07,7,2,1,5,Non-Heinous,Charge Sheeted,12.21452,76.66888,Robbery reported in the jurisdiction.
159,100060030202500004,FIR,2025-09-07,30,6,2,6,Non-Heinous,Closed,13.35705,77.13368,Grievous Hurt reported in the jurisdiction.
160,100010005202500008,FIR,2025-09-07,5,1,5,13,Heinous,Charge Sheeted,12.85128,77.48228,Possession reported in the jurisdiction.
161,100060030202500015,FIR,2025-09-07,30,6,1,1,Non-Heinous,Under Investigation,13.36256,77.12964,Theft reported in the jurisdiction.
162,100010003202500008,FIR,2025-09-08,3,1,4,12,Non-Heinous,Charge Sheeted,12.88575,77.64863,Social Media Harassment reported in the jurisdiction.
163,100020007202500006,FIR,2025-09-08,7,2,6,15,Non-Heinous,Charge Sheeted,12.22533,76.66765,Rioting reported in the jurisdiction.
164,100030015202500022,FIR,2025-09-08,15,3,5,13,Heinous,Closed,15.78277,74.40239,Possession reported in the jurisdiction.
165,100040021202500008,FIR,2025-09-09,21,4,1,3,Non-Heinous,Charge Sheeted,17.28409,76.78637,Chain Snatching reported in the jurisdiction.
166,100060029202500010,FIR,2025-09-09,29,6,1,1,Non-Heinous,Charge Sheeted,13.30224,77.23045,Theft reported in the jurisdiction.
167,100050026202500018,FIR,2025-09-09,26,5,6,16,Non-Heinous,Charge Sheeted,12.96399,74.90573,Public Nuisance reported in the jurisdiction.
168,100050025202500002,FIR,2025-09-10,25,5,1,5,Non-Heinous,Charge Sheeted,12.89833,74.87899,Robbery reported in the jurisdiction.
169,100020007202500004,FIR,2025-09-10,7,2,1,2,Non-Heinous,Under Investigation,12.22854,76.66308,Burglary / House-breaking reported in the jurisdiction.
170,100050026202500010,FIR,2025-09-10,26,5,1,2,Non-Heinous,Charge Sheeted,12.95603,74.91456,Burglary / House-breaking reported in the jurisdiction.
171,100050024202500022,FIR,2025-09-10,24,5,1,1,Non-Heinous,Charge Sheeted,12.98099,74.79408,Theft reported in the jurisdiction.
172,100030014202500002,FIR,2025-09-11,14,3,3,9,Non-Heinous,Under Investigation,15.82582,74.44233,Molestation reported in the jurisdiction.
173,100060029202500005,FIR,2025-09-11,29,6,2,8,Non-Heinous,Charge Sheeted,13.29638,77.25152,Assault reported in the jurisdiction.
174,100010003202500012,FIR,2025-09-11,3,1,6,15,Non-Heinous,Charge Sheeted,12.88986,77.64469,Rioting reported in the jurisdiction.
175,100060027202500012,FIR,2025-09-11,27,6,4,11,Non-Heinous,Charge Sheeted,13.34816,77.05384,Online Financial Fraud reported in the jurisdiction.
176,100010006202500022,FIR,2025-09-11,6,1,6,15,Non-Heinous,Charge Sheeted,12.90009,77.60032,Rioting reported in the jurisdiction.
177,100040019202500023,FIR,2025-09-11,19,4,1,5,Non-Heinous,Undetected,17.42216,76.85005,Robbery reported in the jurisdiction.
178,100030014202500004,FIR,2025-09-12,14,3,5,13,Heinous,Charge Sheeted,15.81737,74.44636,Possession reported in the jurisdiction.
179,100060028202500009,FIR,2025-09-12,28,6,1,5,Non-Heinous,Under Investigation,13.40672,77.01876,Robbery reported in the jurisdiction.
180,100040021202500028,FIR,2025-09-12,21,4,1,2,Non-Heinous,Under Investigation,17.27662,76.79466,Burglary / House-breaking reported in the jurisdiction.
181,100060029202500003,FIR,2025-09-13,29,6,3,9,Non-Heinous,Charge Sheeted,13.30915,77.24293,Molestation reported in the jurisdiction.
182,100040021202500020,FIR,2025-09-13,21,4,5,13,Non-Heinous,Charge Sheeted,17.28398,76.77674,Possession reported in the jurisdiction.
183,100050023202500015,FIR,2025-09-13,23,5,4,11,Non-Heinous,Under Investigation,12.90218,74.83232,Online Financial Fraud reported in the jurisdiction.
184,100040022202500005,FIR,2025-09-14,22,4,1,5,Non-Heinous,Charge Sheeted,17.22968,76.77729,Robbery reported in the jurisdiction.
185,100050023202500003,FIR,2025-09-14,23,5,1,4,Non-Heinous,Under Investigation,12.87053,74.85108,Vehicle Theft reported in the jurisdiction.
186,100050026202500007,FIR,2025-09-14,26,5,2,7,Non-Heinous,Closed,12.9677,74.9068,Murder reported in the jurisdiction.
187,100010003202500009,FIR,2025-09-14,3,1,4,12,Non-Heinous,Closed,12.88502,77.63524,Social Media Harassment reported in the jurisdiction.
188,100060027202500013,FIR,2025-09-14,27,6,4,12,Non-Heinous,Closed,13.35339,77.0504,Social Media Harassment reported in the jurisdiction.
189,200060028202500001,UDR,2025-09-15,28,6,5,13,Non-Heinous,Charge Sheeted,13.37941,77.0477,Possession reported in the jurisdiction.
190,100010002202500004,FIR,2025-09-15,2,1,2,7,Heinous,Charge Sheeted,12.91387,77.5241,Murder reported in the jurisdiction.
191,100060030202500013,FIR,2025-09-15,30,6,3,9,Non-Heinous,Closed,13.38794,77.12044,Molestation reported in the jurisdiction.
192,100010004202500031,FIR,2025-09-15,4,1,1,1,Non-Heinous,Under Investigation,12.99345,77.60008,Theft — accused matches pattern seen in other station records.
193,100040018202500011,FIR,2025-09-16,18,4,6,15,Non-Heinous,Charge Sheeted,17.39337,76.87052,Rioting reported in the jurisdiction.
194,100040021202500025,FIR,2025-09-16,21,4,3,9,Heinous,Undetected,17.26163,76.76608,Molestation reported in the jurisdiction.
195,100010005202500021,FIR,2025-09-16,5,1,4,11,Non-Heinous,Closed,12.8661,77.48531,Online Financial Fraud reported in the jurisdiction.
196,100030017202500015,FIR,2025-09-16,17,3,4,11,Non-Heinous,Undetected,15.95825,74.39353,Online Financial Fraud reported in the jurisdiction.
197,100040018202500005,FIR,2025-09-17,18,4,5,13,Heinous,Undetected,17.4241,76.86927,Possession reported in the jurisdiction.
198,100040020202500009,FIR,2025-09-17,20,4,1,4,Non-Heinous,Under Investigation,17.39044,76.72678,Vehicle Theft reported in the jurisdiction.
199,100010006202500013,FIR,2025-09-17,6,1,2,6,Heinous,Undetected,12.90906,77.61431,Grievous Hurt reported in the jurisdiction.
200,100040022202500012,FIR,2025-09-18,22,4,3,10,Non-Heinous,Under Investigation,17.22658,76.77569,Domestic Violence Complaint reported in the jurisdiction.
201,100030016202500010,FIR,2025-09-18,16,3,5,14,Heinous,Charge Sheeted,15.83818,74.42591,Peddling reported in the jurisdiction.
202,100050024202500017,FIR,2025-09-18,24,5,1,3,Non-Heinous,Undetected,13.0077,74.76546,Chain Snatching reported in the jurisdiction.
203,100020009202500014,FIR,2025-09-18,9,2,4,12,Non-Heinous,Closed,12.30959,76.70282,Social Media Harassment reported in the jurisdiction.
204,100040019202500009,FIR,2025-09-19,19,4,2,6,Heinous,Undetected,17.40512,76.84049,Grievous Hurt reported in the jurisdiction.
205,100030013202500017,FIR,2025-09-19,13,3,4,11,Non-Heinous,Under Investigation,15.75864,74.47727,Online Financial Fraud reported in the jurisdiction.
206,100020012202500002,FIR,2025-09-20,12,2,6,15,Non-Heinous,Closed,12.21015,76.74561,Rioting reported in the jurisdiction.
207,100020010202500003,FIR,2025-09-20,10,2,1,5,Non-Heinous,Under Investigation,12.18591,76.72729,Robbery reported in the jurisdiction.
208,200030013202500001,UDR,2025-09-20,13,3,1,2,Non-Heinous,Under Investigation,15.74047,74.45287,Burglary / House-breaking reported in the jurisdiction.
209,100040022202500018,FIR,2025-09-20,22,4,1,5,Non-Heinous,Under Investigation,17.23792,76.78081,Robbery reported in the jurisdiction.
210,100030017202500001,FIR,2025-09-21,17,3,3,10,Heinous,Charge Sheeted,15.9429,74.39105,Domestic Violence Complaint reported in the jurisdiction.
211,100030015202500004,FIR,2025-09-21,15,3,2,6,Heinous,Charge Sheeted,15.78921,74.38167,Grievous Hurt reported in the jurisdiction.
212,100040019202500012,FIR,2025-09-21,19,4,3,9,Heinous,Charge Sheeted,17.40065,76.83318,Molestation reported in the jurisdiction.
213,100030013202500014,FIR,2025-09-21,13,3,5,13,Heinous,Under Investigation,15.75571,74.47102,Possession reported in the jurisdiction.
214,100030017202500009,FIR,2025-09-21,17,3,1,3,Non-Heinous,Undetected,15.96231,74.40284,Chain Snatching reported in the jurisdiction.
215,100050025202500012,FIR,2025-09-21,25,5,4,11,Non-Heinous,Charge Sheeted,12.87059,74.87924,Online Financial Fraud reported in the jurisdiction.
216,100010003202500013,FIR,2025-09-21,3,1,3,9,Non-Heinous,Undetected,12.89486,77.66889,Molestation reported in the jurisdiction.
217,100030016202500015,FIR,2025-09-21,16,3,1,1,Non-Heinous,Closed,15.8233,74.4055,Theft reported in the jurisdiction.
218,100040020202500017,FIR,2025-09-21,20,4,1,3,Non-Heinous,Closed,17.36387,76.71294,Part of a recurring chain snatching pattern in this catchment.
219,100020010202500001,FIR,2025-09-22,10,2,4,11,Non-Heinous,Under Investigation,12.1838,76.70506,Online Financial Fraud reported in the jurisdiction.
220,100010006202500002,FIR,2025-09-22,6,1,3,9,Heinous,Charge Sheeted,12.9144,77.60369,Molestation reported in the jurisdiction.
221,100060030202500006,FIR,2025-09-22,30,6,1,5,Non-Heinous,Charge Sheeted,13.38021,77.11263,Robbery reported in the jurisdiction.
222,100020008202500006,FIR,2025-09-22,8,2,4,12,Non-Heinous,Under Investigation,12.32403,76.56619,Social Media Harassment reported in the jurisdiction.
223,100030016202500012,FIR,2025-09-22,16,3,3,9,Heinous,Charge Sheeted,15.84211,74.41972,Molestation reported in the jurisdiction.
224,100040019202500016,FIR,2025-09-22,19,4,4,12,Non-Heinous,Under Investigation,17.41038,76.84422,Social Media Harassment reported in the jurisdiction.
225,100030013202500018,FIR,2025-09-22,13,3,1,4,Non-Heinous,Under Investigation,15.77093,74.48327,Vehicle Theft reported in the jurisdiction.
226,100010005202500020,FIR,2025-09-22,5,1,2,7,Non-Heinous,Under Investigation,12.87238,77.49843,Murder reported in the jurisdiction.
227,100040021202500030,FIR,2025-09-22,21,4,1,3,Non-Heinous,Under Investigation,17.2816,76.78385,Chain Snatching reported in the jurisdiction.
228,100040020202500018,FIR,2025-09-22,20,4,1,3,Non-Heinous,Closed,17.36683,76.7404,Part of a recurring chain snatching pattern in this catchment.
229,100010003202500024,FIR,2025-09-22,3,1,1,4,Non-Heinous,Charge Sheeted,12.89147,77.65139,Vehicle Theft — accused matches pattern seen in other station records.
230,100050024202500013,FIR,2025-09-23,24,5,2,6,Heinous,Undetected,12.99737,74.76986,Grievous Hurt reported in the jurisdiction.
231,100020012202500009,FIR,2025-09-23,12,2,2,7,Heinous,Under Investigation,12.20557,76.74147,Murder reported in the jurisdiction.
232,100040021202500001,FIR,2025-09-24,21,4,1,1,Non-Heinous,Closed,17.25315,76.79591,Theft reported in the jurisdiction.
233,100060027202500004,FIR,2025-09-24,27,6,5,14,Non-Heinous,Undetected,13.35193,77.0232,Peddling reported in the jurisdiction.
234,100040019202500002,FIR,2025-09-24,19,4,1,3,Non-Heinous,Under Investigation,17.42031,76.85749,Chain Snatching reported in the jurisdiction.
235,100060028202500021,FIR,2025-09-24,28,6,1,3,Non-Heinous,Undetected,13.4043,77.0561,Chain Snatching reported in the jurisdiction.
236,100010001202500009,FIR,2025-09-25,1,1,1,1,Non-Heinous,Under Investigation,12.87897,77.64841,Theft reported in the jurisdiction.
237,100040019202500022,FIR,2025-09-25,19,4,4,12,Non-Heinous,Closed,17.41,76.83584,Social Media Harassment reported in the jurisdiction.
238,100050026202500023,FIR,2025-09-25,26,5,5,13,Non-Heinous,Closed,12.96876,74.90631,Possession reported in the jurisdiction.
239,100010002202500003,FIR,2025-09-26,2,1,2,8,Non-Heinous,Closed,12.8925,77.48952,Assault reported in the jurisdiction.
240,100040018202500010,FIR,2025-09-26,18,4,1,5,Non-Heinous,Under Investigation,17.40359,76.85293,Robbery reported in the jurisdiction.
241,100010005202500009,FIR,2025-09-26,5,1,3,9,Heinous,Charge Sheeted,12.8548,77.4879,Molestation reported in the jurisdiction.
242,100030017202500011,FIR,2025-09-26,17,3,1,4,Non-Heinous,Under Investigation,15.97103,74.3991,Vehicle Theft reported in the jurisdiction.
243,100050024202500004,FIR,2025-09-27,24,5,1,3,Non-Heinous,Charge Sheeted,12.98401,74.77988,Chain Snatching reported in the jurisdiction.
244,100050023202500002,FIR,2025-09-27,23,5,4,12,Non-Heinous,Charge Sheeted,12.9038,74.82802,Social Media Harassment reported in the jurisdiction.
245,100040022202500010,FIR,2025-09-27,22,4,6,16,Non-Heinous,Undetected,17.22962,76.77576,Public Nuisance reported in the jurisdiction.
246,100010006202500011,FIR,2025-09-27,6,1,1,1,Non-Heinous,Closed,12.89683,77.63387,Theft reported in the jurisdiction.
247,100010004202500016,FIR,2025-09-27,4,1,1,5,Non-Heinous,Undetected,12.98887,77.61632,Robbery reported in the jurisdiction.
248,100020010202500013,FIR,2025-09-27,10,2,1,1,Non-Heinous,Undetected,12.18836,76.71722,Theft reported in the jurisdiction.
249,100020008202500012,FIR,2025-09-27,8,2,3,10,Non-Heinous,Under Investigation,12.30099,76.57086,Domestic Violence Complaint reported in the jurisdiction.
250,100020011202500015,FIR,2025-09-27,11,2,1,1,Non-Heinous,Closed,12.33159,76.58742,Theft reported in the jurisdiction.
251,100020012202500013,FIR,2025-09-27,12,2,4,11,Non-Heinous,Charge Sheeted,12.22389,76.7649,Online Financial Fraud reported in the jurisdiction.
252,100040018202500024,FIR,2025-09-27,18,4,1,5,Non-Heinous,Under Investigation,17.40863,76.86312,Robbery reported in the jurisdiction.
253,100050026202500020,FIR,2025-09-28,26,5,6,16,Non-Heinous,Under Investigation,12.94545,74.89144,Public Nuisance reported in the jurisdiction.
254,100020010202500007,FIR,2025-09-29,10,2,1,2,Non-Heinous,Charge Sheeted,12.19321,76.693,Burglary / House-breaking reported in the jurisdiction.
255,100040020202500019,FIR,2025-09-29,20,4,1,3,Non-Heinous,Closed,17.3913,76.7104,Part of a recurring chain snatching pattern in this catchment.
256,100040020202500020,FIR,2025-09-29,20,4,1,3,Non-Heinous,Charge Sheeted,17.39044,76.71738,Part of a recurring chain snatching pattern in this catchment.
257,100010002202500002,FIR,2025-09-30,2,1,5,13,Non-Heinous,Charge Sheeted,12.91652,77.50901,Possession reported in the jurisdiction.
258,100010004202500009,FIR,2025-09-30,4,1,6,15,Non-Heinous,Charge Sheeted,13.00179,77.61103,Rioting reported in the jurisdiction.
259,100050023202500006,FIR,2025-09-30,23,5,3,10,Heinous,Undetected,12.89832,74.83829,Domestic Violence Complaint reported in the jurisdiction.
260,100020010202500014,FIR,2025-09-30,10,2,1,4,Non-Heinous,Closed,12.17007,76.69353,Vehicle Theft reported in the jurisdiction.
261,100050025202500013,FIR,2025-09-30,25,5,6,16,Non-Heinous,Charge Sheeted,12.87663,74.90881,Public Nuisance reported in the jurisdiction.
262,100010006202500008,FIR,2025-10-01,6,1,2,7,Non-Heinous,Under Investigation,12.91707,77.61342,Murder reported in the jurisdiction.
263,100040018202500009,FIR,2025-10-01,18,4,4,11,Non-Heinous,Closed,17.39006,76.87615,Online Financial Fraud reported in the jurisdiction.
264,100060029202500008,FIR,2025-10-01,29,6,5,14,Heinous,Under Investigation,13.31963,77.21585,Peddling reported in the jurisdiction.
265,100060028202500006,FIR,2025-10-02,28,6,5,13,Heinous,Closed,13.38988,77.03648,Possession reported in the jurisdiction.
266,100060027202500006,FIR,2025-10-02,27,6,1,5,Non-Heinous,Closed,13.36165,77.035,Robbery reported in the jurisdiction.
267,100030015202500011,FIR,2025-10-02,15,3,4,11,Non-Heinous,Undetected,15.8066,74.38951,Online Financial Fraud reported in the jurisdiction.
268,100050024202500015,FIR,2025-10-02,24,5,2,8,Heinous,Under Investigation,13.01293,74.76582,Assault reported in the jurisdiction.
269,100010004202500022,FIR,2025-10-02,4,1,5,13,Non-Heinous,Under Investigation,13.00244,77.60309,Possession reported in the jurisdiction.
270,100050024202500019,FIR,2025-10-02,24,5,1,4,Non-Heinous,Closed,13.006,74.76149,Vehicle Theft reported in the jurisdiction.
271,100050024202500026,FIR,2025-10-02,24,5,3,9,Heinous,Charge Sheeted,13.0116,74.75692,Molestation reported in the jurisdiction.
272,100020008202500018,FIR,2025-10-02,8,2,2,6,Heinous,Undetected,12.31801,76.55288,Grievous Hurt reported in the jurisdiction.
273,100010004202500004,FIR,2025-10-03,4,1,1,5,Non-Heinous,Charge Sheeted,12.97785,77.63485,Robbery reported in the jurisdiction.
274,100050024202500006,FIR,2025-10-03,24,5,1,5,Non-Heinous,Undetected,12.98244,74.7664,Robbery reported in the jurisdiction.
275,200010005202500001,UDR,2025-10-03,5,1,1,5,Non-Heinous,Charge Sheeted,12.87456,77.51394,Robbery reported in the jurisdiction.
276,100050026202500012,FIR,2025-10-04,26,5,5,14,Non-Heinous,Under Investigation,12.95771,74.8824,Peddling reported in the jurisdiction.
277,100020008202500011,FIR,2025-10-04,8,2,3,10,Heinous,Under Investigation,12.31183,76.55826,Domestic Violence Complaint reported in the jurisdiction.
278,100010004202500026,FIR,2025-10-04,4,1,1,3,Non-Heinous,Closed,13.00077,77.62819,Chain Snatching reported in the jurisdiction.
279,100040020202500021,FIR,2025-10-04,20,4,1,3,Non-Heinous,Undetected,17.39516,76.72561,Part of a recurring chain snatching pattern in this catchment.
280,100030015202500001,FIR,2025-10-05,15,3,4,12,Non-Heinous,Closed,15.8044,74.39372,Social Media Harassment reported in the jurisdiction.
281,100020011202500003,FIR,2025-10-05,11,2,4,12,Non-Heinous,Charge Sheeted,12.33273,76.59247,Social Media Harassment reported in the jurisdiction.
282,100040021202500017,FIR,2025-10-05,21,4,1,5,Non-Heinous,Charge Sheeted,17.2631,76.77248,Robbery reported in the jurisdiction.
283,100010002202500009,FIR,2025-10-05,2,1,1,5,Non-Heinous,Charge Sheeted,12.91833,77.4969,Robbery reported in the jurisdiction.
284,100030014202500003,FIR,2025-10-06,14,3,2,6,Heinous,Under Investigation,15.82401,74.46026,Grievous Hurt reported in the jurisdiction.
285,100040021202500002,FIR,2025-10-06,21,4,5,13,Heinous,Under Investigation,17.28192,76.77613,Possession reported in the jurisdiction.
286,100040018202500004,FIR,2025-10-06,18,4,3,9,Non-Heinous,Charge Sheeted,17.4226,76.84297,Molestation reported in the jurisdiction.
287,100030017202500004,FIR,2025-10-06,17,3,1,4,Non-Heinous,Under Investigation,15.9456,74.41561,Vehicle Theft reported in the jurisdiction.
288,100040020202500005,FIR,2025-10-06,20,4,4,11,Non-Heinous,Closed,17.3596,76.73419,Online Financial Fraud reported in the jurisdiction.
289,100060028202500024,FIR,2025-10-06,28,6,6,15,Non-Heinous,Under Investigation,13.39245,77.04832,Rioting reported in the jurisdiction.
290,100010006202500003,FIR,2025-10-07,6,1,1,4,Non-Heinous,Charge Sheeted,12.88979,77.63678,Vehicle Theft reported in the jurisdiction.
291,100030015202500013,FIR,2025-10-07,15,3,3,9,Heinous,Closed,15.81238,74.4067,Molestation reported in the jurisdiction.
292,100010004202500003,FIR,2025-10-08,4,1,5,14,Heinous,Under Investigation,12.99159,77.62687,Peddling reported in the jurisdiction.
293,100010003202500004,FIR,2025-10-08,3,1,4,12,Non-Heinous,Charge Sheeted,12.8943,77.64927,Social Media Harassment reported in the jurisdiction.
294,100040018202500013,FIR,2025-10-08,18,4,1,4,Non-Heinous,Charge Sheeted,17.39128,76.85075,Vehicle Theft reported in the jurisdiction.
295,100030015202500014,FIR,2025-10-08,15,3,1,2,Non-Heinous,Charge Sheeted,15.7732,74.40487,Burglary / House-breaking reported in the jurisdiction.
296,100020007202500010,FIR,2025-10-08,7,2,2,6,Heinous,Under Investigation,12.23697,76.65912,Grievous Hurt reported in the jurisdiction.
297,100050025202500014,FIR,2025-10-08,25,5,6,15,Non-Heinous,Undetected,12.88769,74.88546,Rioting reported in the jurisdiction.
298,100040021202500009,FIR,2025-10-09,21,4,3,10,Non-Heinous,Under Investigation,17.28325,76.77376,Domestic Violence Complaint reported in the jurisdiction.
299,100050026202500015,FIR,2025-10-09,26,5,3,10,Non-Heinous,Closed,12.94593,74.91301,Domestic Violence Complaint reported in the jurisdiction.
300,100060028202500017,FIR,2025-10-09,28,6,1,1,Non-Heinous,Under Investigation,13.39145,77.05122,Theft reported in the jurisdiction.
301,100050026202500002,FIR,2025-10-10,26,5,2,7,Heinous,Closed,12.97075,74.901,Murder reported in the jurisdiction.
302,100010001202500006,FIR,2025-10-10,1,1,4,11,Non-Heinous,Charge Sheeted,12.88743,77.67016,Online Financial Fraud reported in the jurisdiction.
303,100020008202500003,FIR,2025-10-10,8,2,1,5,Non-Heinous,Closed,12.29951,76.58255,Robbery reported in the jurisdiction.
304,100030013202500020,FIR,2025-10-10,13,3,3,10,Heinous,Closed,15.76863,74.48234,Domestic Violence Complaint reported in the jurisdiction.
305,100030015202500024,FIR,2025-10-10,15,3,2,8,Heinous,Undetected,15.79578,74.37284,Assault reported in the jurisdiction.
306,100010004202500002,FIR,2025-10-11,4,1,2,7,Non-Heinous,Under Investigation,12.98225,77.61076,Murder reported in the jurisdiction.
307,100030013202500009,FIR,2025-10-11,13,3,2,7,Heinous,Under Investigation,15.76684,74.46065,Murder reported in the jurisdiction.
308,100040020202500011,FIR,2025-10-11,20,4,3,10,Heinous,Charge Sheeted,17.38218,76.71029,Domestic Violence Complaint reported in the jurisdiction.
309,100020009202500010,FIR,2025-10-11,9,2,1,3,Non-Heinous,Undetected,12.33144,76.69371,Chain Snatching reported in the jurisdiction.
310,200030017202500001,UDR,2025-10-12,17,3,5,14,Non-Heinous,Closed,15.93201,74.3937,Peddling reported in the jurisdiction.
311,100040018202500015,FIR,2025-10-12,18,4,1,3,Non-Heinous,Charge Sheeted,17.39411,76.8689,Chain Snatching reported in the jurisdiction.
312,100060030202500009,FIR,2025-10-12,30,6,4,12,Non-Heinous,Closed,13.3537,77.11559,Social Media Harassment reported in the jurisdiction.
313,100010002202500016,FIR,2025-10-12,2,1,2,8,Non-Heinous,Charge Sheeted,12.9201,77.50684,Assault reported in the jurisdiction.
314,100030015202500020,FIR,2025-10-13,15,3,5,13,Non-Heinous,Closed,15.78812,74.38746,Possession reported in the jurisdiction.
315,100010005202500023,FIR,2025-10-13,5,1,2,7,Heinous,Undetected,12.86861,77.48344,Murder reported in the jurisdiction.
316,100040020202500022,FIR,2025-10-13,20,4,1,3,Non-Heinous,Charge Sheeted,17.38154,76.72202,Part of a recurring chain snatching pattern in this catchment.
317,100040018202500007,FIR,2025-10-14,18,4,1,3,Non-Heinous,Under Investigation,17.42307,76.84856,Chain Snatching reported in the jurisdiction.
318,100040018202500021,FIR,2025-10-14,18,4,4,12,Non-Heinous,Closed,17.41812,76.88127,Social Media Harassment reported in the jurisdiction.
319,100040021202500023,FIR,2025-10-14,21,4,2,7,Heinous,Under Investigation,17.26568,76.76505,Murder reported in the jurisdiction.
320,100040020202500023,FIR,2025-10-14,20,4,1,3,Non-Heinous,Charge Sheeted,17.39269,76.72085,Part of a recurring chain snatching pattern in this catchment.
321,100060027202500002,FIR,2025-10-15,27,6,5,13,Non-Heinous,Undetected,13.35378,77.04127,Possession reported in the jurisdiction.
322,100010006202500017,FIR,2025-10-15,6,1,3,10,Non-Heinous,Closed,12.90269,77.60519,Domestic Violence Complaint reported in the jurisdiction.
323,100050024202500010,FIR,2025-10-16,24,5,1,1,Non-Heinous,Closed,12.9868,74.78193,Theft reported in the jurisdiction.
324,400010004202500001,Zero FIR,2025-10-16,4,1,4,11,Non-Heinous,Charge Sheeted,12.96536,77.62731,Online Financial Fraud reported in the jurisdiction.
325,300030015202500001,PAR,2025-10-16,15,3,1,2,Non-Heinous,Charge Sheeted,15.77773,74.37819,Burglary / House-breaking reported in the jurisdiction.
326,100040022202500002,FIR,2025-10-17,22,4,1,2,Non-Heinous,Closed,17.23136,76.76232,Burglary / House-breaking reported in the jurisdiction.
327,100020010202500002,FIR,2025-10-17,10,2,2,7,Non-Heinous,Charge Sheeted,12.18304,76.70232,Murder reported in the jurisdiction.
328,100030013202500012,FIR,2025-10-17,13,3,2,6,Heinous,Undetected,15.76629,74.457,Grievous Hurt reported in the jurisdiction.
329,100010003202500011,FIR,2025-10-17,3,1,3,10,Non-Heinous,Charge Sheeted,12.8639,77.63396,Domestic Violence Complaint reported in the jurisdiction.
330,100020012202500012,FIR,2025-10-17,12,2,6,15,Non-Heinous,Undetected,12.22614,76.75937,Rioting reported in the jurisdiction.
331,100010004202500030,FIR,2025-10-17,4,1,4,12,Non-Heinous,Charge Sheeted,12.99962,77.60601,Social Media Harassment reported in the jurisdiction.
332,100040018202500003,FIR,2025-10-18,18,4,6,16,Non-Heinous,Charge Sheeted,17.38891,76.84625,Public Nuisance reported in the jurisdiction.
333,100030013202500002,FIR,2025-10-18,13,3,4,11,Non-Heinous,Under Investigation,15.75916,74.47929,Online Financial Fraud reported in the jurisdiction.
334,100050025202500004,FIR,2025-10-18,25,5,1,3,Non-Heinous,Undetected,12.87565,74.88361,Chain Snatching reported in the jurisdiction.
335,100050026202500013,FIR,2025-10-18,26,5,5,13,Heinous,Under Investigation,12.95358,74.88311,Possession reported in the jurisdiction.
336,100020011202500012,FIR,2025-10-18,11,2,6,16,Non-Heinous,Under Investigation,12.34942,76.61036,Public Nuisance reported in the jurisdiction.
337,100040018202500019,FIR,2025-10-18,18,4,1,4,Non-Heinous,Closed,17.3999,76.87204,Vehicle Theft reported in the jurisdiction.
338,100030017202500012,FIR,2025-10-18,17,3,6,15,Non-Heinous,Charge Sheeted,15.93725,74.39751,Rioting reported in the jurisdiction.
339,100030015202500005,FIR,2025-10-19,15,3,4,12,Non-Heinous,Under Investigation,15.78787,74.39142,Social Media Harassment reported in the jurisdiction.
340,100030013202500007,FIR,2025-10-19,13,3,1,2,Non-Heinous,Closed,15.74408,74.47562,Burglary / House-breaking reported in the jurisdiction.
341,100040020202500007,FIR,2025-10-19,20,4,1,3,Non-Heinous,Closed,17.39743,76.74406,Chain Snatching reported in the jurisdiction.
342,100010003202500010,FIR,2025-10-19,3,1,2,7,Non-Heinous,Charge Sheeted,12.88784,77.64041,Murder reported in the jurisdiction.
343,100040018202500017,FIR,2025-10-19,18,4,3,9,Non-Heinous,Charge Sheeted,17.39714,76.85064,Molestation reported in the jurisdiction.
344,100040020202500013,FIR,2025-10-19,20,4,6,15,Non-Heinous,Under Investigation,17.3864,76.71283,Rioting reported in the jurisdiction.
345,100030016202500019,FIR,2025-10-19,16,3,1,5,Non-Heinous,Under Investigation,15.8449,74.42163,Part of a recurring robbery pattern in this catchment.
346,100040020202500006,FIR,2025-10-20,20,4,5,14,Heinous,Charge Sheeted,17.36579,76.72604,Peddling reported in the jurisdiction.
347,100010004202500014,FIR,2025-10-20,4,1,2,7,Non-Heinous,Charge Sheeted,12.98996,77.62434,Murder reported in the jurisdiction.
348,100020008202500019,FIR,2025-10-20,8,2,4,11,Non-Heinous,Charge Sheeted,12.31223,76.57114,Online Financial Fraud reported in the jurisdiction.
349,100040018202500002,FIR,2025-10-21,18,4,6,15,Non-Heinous,Charge Sheeted,17.40775,76.85311,Rioting reported in the jurisdiction.
350,100050025202500003,FIR,2025-10-21,25,5,2,8,Heinous,Undetected,12.88563,74.8875,Assault reported in the jurisdiction.
351,100050023202500013,FIR,2025-10-21,23,5,4,12,Non-Heinous,Under Investigation,12.88299,74.86452,Social Media Harassment reported in the jurisdiction.
352,100010004202500027,FIR,2025-10-21,4,1,4,11,Non-Heinous,Under Investigation,12.97526,77.62375,Online Financial Fraud reported in the jurisdiction.
353,100010006202500005,FIR,2025-10-22,6,1,1,5,Non-Heinous,Closed,12.88909,77.61175,Robbery reported in the jurisdiction.
354,100050026202500008,FIR,2025-10-22,26,5,1,1,Non-Heinous,Under Investigation,12.96553,74.89541,Theft reported in the jurisdiction.
355,100010003202500006,FIR,2025-10-22,3,1,2,8,Non-Heinous,Under Investigation,12.87539,77.66121,Assault reported in the jurisdiction.
356,100060030202500008,FIR,2025-10-22,30,6,2,7,Non-Heinous,Under Investigation,13.35924,77.12681,Murder reported in the jurisdiction.
357,100040020202500001,FIR,2025-10-23,20,4,1,4,Non-Heinous,Charge Sheeted,17.36312,76.70633,Vehicle Theft reported in the jurisdiction.
358,100020012202500006,FIR,2025-10-23,12,2,1,2,Non-Heinous,Under Investigation,12.21548,76.7669,Burglary / House-breaking reported in the jurisdiction.
359,100040018202500016,FIR,2025-10-23,18,4,5,14,Non-Heinous,Closed,17.41901,76.88008,Peddling reported in the jurisdiction.
360,100050023202500011,FIR,2025-10-23,23,5,4,11,Non-Heinous,Closed,12.86873,74.8486,Online Financial Fraud reported in the jurisdiction.
361,100010002202500008,FIR,2025-10-23,2,1,2,7,Non-Heinous,Charge Sheeted,12.91832,77.49229,Murder reported in the jurisdiction.
362,100030014202500015,FIR,2025-10-23,14,3,6,16,Non-Heinous,Undetected,15.81116,74.46937,Public Nuisance reported in the jurisdiction.
363,100010001202500015,FIR,2025-10-23,1,1,1,4,Non-Heinous,Closed,12.85954,77.65058,Vehicle Theft reported in the jurisdiction.
364,100030016202500016,FIR,2025-10-23,16,3,1,1,Non-Heinous,Closed,15.83016,74.42343,Theft reported in the jurisdiction.
365,100010003202500023,FIR,2025-10-23,3,1,1,5,Non-Heinous,Closed,12.86108,77.65344,Robbery — accused matches pattern seen in other station records.
366,100040022202500008,FIR,2025-10-24,22,4,3,10,Non-Heinous,Under Investigation,17.21423,76.7788,Domestic Violence Complaint reported in the jurisdiction.
367,100050025202500008,FIR,2025-10-24,25,5,1,1,Non-Heinous,Closed,12.89761,74.90686,Theft reported in the jurisdiction.
368,200040022202500001,UDR,2025-10-24,22,4,1,5,Non-Heinous,Under Investigation,17.21929,76.77106,Robbery reported in the jurisdiction.
369,100050024202500001,FIR,2025-10-25,24,5,5,14,Heinous,Under Investigation,12.99401,74.77019,Peddling reported in the jurisdiction.
370,100050026202500004,FIR,2025-10-25,26,5,4,11,Non-Heinous,Closed,12.95707,74.89749,Online Financial Fraud reported in the jurisdiction.
371,100010005202500005,FIR,2025-10-25,5,1,2,8,Non-Heinous,Closed,12.85378,77.51566,Assault reported in the jurisdiction.
372,100030016202500021,FIR,2025-10-25,16,3,1,5,Non-Heinous,Undetected,15.82057,74.41214,Part of a recurring robbery pattern in this catchment.
373,100030015202500008,FIR,2025-10-26,15,3,4,11,Non-Heinous,Charge Sheeted,15.77965,74.37933,Online Financial Fraud reported in the jurisdiction.
374,100010006202500014,FIR,2025-10-26,6,1,1,2,Non-Heinous,Closed,12.89621,77.61139,Burglary / House-breaking reported in the jurisdiction.
375,100060029202500011,FIR,2025-10-26,29,6,1,5,Non-Heinous,Under Investigation,13.32522,77.23643,Robbery reported in the jurisdiction.
376,100030016202500020,FIR,2025-10-26,16,3,1,5,Non-Heinous,Charge Sheeted,15.82372,74.39511,Part of a recurring robbery pattern in this catchment.
377,100060028202500005,FIR,2025-10-27,28,6,6,16,Non-Heinous,Undetected,13.38932,77.02223,Public Nuisance reported in the jurisdiction.
378,100020010202500004,FIR,2025-10-27,10,2,2,8,Non-Heinous,Undetected,12.16014,76.70029,Assault reported in the jurisdiction.
379,100030014202500006,FIR,2025-10-27,14,3,6,16,Non-Heinous,Charge Sheeted,15.81684,74.44584,Public Nuisance reported in the jurisdiction.
380,100010005202500016,FIR,2025-10-27,5,1,1,3,Non-Heinous,Under Investigation,12.86016,77.4987,Chain Snatching reported in the jurisdiction.
381,100060027202500015,FIR,2025-10-27,27,6,1,5,Non-Heinous,Undetected,13.37672,77.05077,Robbery reported in the jurisdiction.
382,100010006202500001,FIR,2025-10-28,6,1,2,8,Non-Heinous,Under Investigation,12.8937,77.61542,Assault reported in the jurisdiction.
383,100020009202500008,FIR,2025-10-28,9,2,2,7,Heinous,Under Investigation,12.30154,76.7268,Murder reported in the jurisdiction.
384,100020010202500012,FIR,2025-10-28,10,2,6,15,Non-Heinous,Closed,12.16491,76.72322,Rioting reported in the jurisdiction.
385,100050026202500022,FIR,2025-10-28,26,5,1,5,Non-Heinous,Closed,12.95907,74.89398,Robbery reported in the jurisdiction.
386,100030016202500022,FIR,2025-10-28,16,3,1,5,Non-Heinous,Charge Sheeted,15.84425,74.41776,Part of a recurring robbery pattern in this catchment.
387,100010002202500019,FIR,2025-10-28,2,1,1,3,Non-Heinous,Charge Sheeted,12.90365,77.49529,Part of a recurring chain snatching pattern in this catchment.
388,100040022202500003,FIR,2025-10-29,22,4,2,7,Non-Heinous,Closed,17.2344,76.76639,Murder reported in the jurisdiction.
389,300020010202500001,PAR,2025-10-29,10,2,3,9,Heinous,Charge Sheeted,12.19154,76.71504,Molestation reported in the jurisdiction.
390,100030016202500002,FIR,2025-10-29,16,3,3,10,Heinous,Undetected,15.82357,74.39696,Domestic Violence Complaint reported in the jurisdiction.
391,100050023202500001,FIR,2025-10-29,23,5,1,2,Non-Heinous,Charge Sheeted,12.88289,74.83289,Burglary / House-breaking reported in the jurisdiction.
392,100020012202500001,FIR,2025-10-29,12,2,4,12,Non-Heinous,Under Investigation,12.22131,76.75156,Social Media Harassment reported in the jurisdiction.
393,100010006202500015,FIR,2025-10-29,6,1,4,11,Non-Heinous,Charge Sheeted,12.90731,77.61156,Online Financial Fraud reported in the jurisdiction.
394,100030016202500023,FIR,2025-10-29,16,3,1,5,Non-Heinous,Charge Sheeted,15.83542,74.418,Part of a recurring robbery pattern in this catchment.
395,100020007202500001,FIR,2025-10-30,7,2,1,3,Non-Heinous,Undetected,12.24295,76.69006,Chain Snatching reported in the jurisdiction.
396,100020010202500005,FIR,2025-10-30,10,2,3,9,Non-Heinous,Charge Sheeted,12.15791,76.72423,Molestation reported in the jurisdiction.
397,100060030202500012,FIR,2025-10-30,30,6,4,11,Non-Heinous,Undetected,13.3602,77.13297,Online Financial Fraud reported in the jurisdiction.
398,100050024202500030,FIR,2025-10-30,24,5,1,2,Non-Heinous,Charge Sheeted,12.9948,74.79072,Burglary / House-breaking — accused matches pattern seen in other station records.
399,100030015202500007,FIR,2025-10-31,15,3,1,1,Non-Heinous,Charge Sheeted,15.80905,74.40396,Theft reported in the jurisdiction.
400,100060027202500005,FIR,2025-10-31,27,6,3,9,Heinous,Charge Sheeted,13.36376,77.05551,Molestation reported in the jurisdiction.
401,100060028202500007,FIR,2025-10-31,28,6,2,8,Heinous,Charge Sheeted,13.37993,77.02699,Assault reported in the jurisdiction.
402,100040021202500012,FIR,2025-10-31,21,4,2,6,Non-Heinous,Charge Sheeted,17.25855,76.76604,Grievous Hurt reported in the jurisdiction.
403,100010005202500022,FIR,2025-10-31,5,1,6,15,Non-Heinous,Charge Sheeted,12.87745,77.48127,Rioting reported in the jurisdiction.
404,100020012202500015,FIR,2025-10-31,12,2,1,1,Non-Heinous,Undetected,12.20917,76.7317,Theft reported in the jurisdiction.
405,100010002202500020,FIR,2025-10-31,2,1,1,3,Non-Heinous,Charge Sheeted,12.90689,77.5257,Part of a recurring chain snatching pattern in this catchment.
406,100010003202500005,FIR,2025-11-01,3,1,6,15,Non-Heinous,Closed,12.88767,77.64274,Rioting reported in the jurisdiction.
407,100030015202500016,FIR,2025-11-01,15,3,6,16,Non-Heinous,Charge Sheeted,15.80825,74.3685,Public Nuisance reported in the jurisdiction.
408,100050026202500019,FIR,2025-11-01,26,5,1,2,Non-Heinous,Charge Sheeted,12.95088,74.88658,Burglary / House-breaking reported in the jurisdiction.
409,100010005202500001,FIR,2025-11-02,5,1,5,14,Non-Heinous,Under Investigation,12.84922,77.51402,Peddling reported in the jurisdiction.
410,100040019202500001,FIR,2025-11-02,19,4,1,2,Non-Heinous,Charge Sheeted,17.43335,76.87156,Burglary / House-breaking reported in the jurisdiction.
411,100020011202500005,FIR,2025-11-02,11,2,1,5,Non-Heinous,Under Investigation,12.33745,76.60083,Robbery reported in the jurisdiction.
412,100060028202500013,FIR,2025-11-02,28,6,4,11,Non-Heinous,Under Investigation,13.3871,77.04481,Online Financial Fraud reported in the jurisdiction.
413,100010004202500020,FIR,2025-11-02,4,1,1,3,Non-Heinous,Closed,12.98802,77.60472,Chain Snatching reported in the jurisdiction.
414,100020008202500013,FIR,2025-11-02,8,2,2,7,Non-Heinous,Under Investigation,12.30685,76.57115,Murder reported in the jurisdiction.
415,100010002202500021,FIR,2025-11-02,2,1,1,3,Non-Heinous,Closed,12.9043,77.49598,Part of a recurring chain snatching pattern in this catchment.
416,100010002202500005,FIR,2025-11-03,2,1,5,13,Heinous,Charge Sheeted,12.91811,77.49079,Possession reported in the jurisdiction.
417,100040018202500014,FIR,2025-11-03,18,4,3,9,Non-Heinous,Undetected,17.41387,76.8692,Molestation reported in the jurisdiction.
418,100020007202500008,FIR,2025-11-03,7,2,2,7,Non-Heinous,Closed,12.22187,76.66552,Murder reported in the jurisdiction.
419,100020007202500011,FIR,2025-11-03,7,2,3,10,Heinous,Closed,12.23759,76.66779,Domestic Violence Complaint reported in the jurisdiction.
420,100060029202500009,FIR,2025-11-03,29,6,1,5,Non-Heinous,Under Investigation,13.31795,77.23302,Robbery reported in the jurisdiction.
421,100030013202500015,FIR,2025-11-03,13,3,3,10,Non-Heinous,Undetected,15.76886,74.48395,Domestic Violence Complaint reported in the jurisdiction.
422,100040019202500019,FIR,2025-11-03,19,4,1,1,Non-Heinous,Under Investigation,17.40386,76.83534,Theft reported in the jurisdiction.
423,100020011202500006,FIR,2025-11-04,11,2,1,4,Non-Heinous,Undetected,12.3356,76.59973,Vehicle Theft reported in the jurisdiction.
424,100030014202500009,FIR,2025-11-04,14,3,2,6,Heinous,Charge Sheeted,15.80195,74.44749,Grievous Hurt reported in the jurisdiction.
425,100030014202500011,FIR,2025-11-04,14,3,1,1,Non-Heinous,Under Investigation,15.8117,74.4542,Theft reported in the jurisdiction.
426,100050024202500027,FIR,2025-11-04,24,5,4,12,Non-Heinous,Undetected,12.98967,74.76948,Social Media Harassment reported in the jurisdiction.
427,100040018202500006,FIR,2025-11-05,18,4,4,12,Non-Heinous,Charge Sheeted,17.41118,76.85853,Social Media Harassment reported in the jurisdiction.
428,100060028202500012,FIR,2025-11-05,28,6,4,12,Non-Heinous,Closed,13.40557,77.03961,Social Media Harassment reported in the jurisdiction.
429,200040018202500001,UDR,2025-11-06,18,4,1,4,Non-Heinous,Under Investigation,17.40059,76.85102,Vehicle Theft reported in the jurisdiction.
430,100050023202500010,FIR,2025-11-06,23,5,5,13,Heinous,Undetected,12.87883,74.85192,Possession reported in the jurisdiction.
431,100040020202500024,FIR,2025-11-06,20,4,1,4,Non-Heinous,Undetected,17.39638,76.7152,Vehicle Theft — accused matches pattern seen in other station records.
432,100010001202500004,FIR,2025-11-07,1,1,4,11,Non-Heinous,Closed,12.86085,77.67092,Online Financial Fraud reported in the jurisdiction.
433,100030013202500008,FIR,2025-11-07,13,3,1,1,Non-Heinous,Under Investigation,15.77146,74.46451,Theft reported in the jurisdiction.
434,100030016202500025,FIR,2025-11-07,16,3,1,3,Non-Heinous,Charge Sheeted,15.85312,74.40883,Chain Snatching — accused matches pattern seen in other station records.
435,100020009202500002,FIR,2025-11-08,9,2,1,2,Non-Heinous,Closed,12.30319,76.72741,Burglary / House-breaking reported in the jurisdiction.
436,100050025202500007,FIR,2025-11-08,25,5,4,12,Non-Heinous,Undetected,12.86967,74.88944,Social Media Harassment reported in the jurisdiction.
437,100010005202500012,FIR,2025-11-08,5,1,1,2,Non-Heinous,Charge Sheeted,12.84786,77.48925,Burglary / House-breaking reported in the jurisdiction.
438,400020008202500001,Zero FIR,2025-11-09,8,2,3,9,Heinous,Charge Sheeted,12.32057,76.57939,Molestation reported in the jurisdiction.
439,100030016202500011,FIR,2025-11-09,16,3,6,16,Non-Heinous,Charge Sheeted,15.82289,74.42728,Public Nuisance reported in the jurisdiction.
440,100010001202500013,FIR,2025-11-09,1,1,2,7,Heinous,Under Investigation,12.88046,77.63545,Murder reported in the jurisdiction.
441,100060029202500014,FIR,2025-11-09,29,6,1,2,Non-Heinous,Charge Sheeted,13.31302,77.24918,Burglary / House-breaking reported in the jurisdiction.
442,100020011202500004,FIR,2025-11-10,11,2,3,10,Non-Heinous,Charge Sheeted,12.33805,76.5968,Domestic Violence Complaint reported in the jurisdiction.
443,100050026202500005,FIR,2025-11-10,26,5,5,13,Heinous,Closed,12.94591,74.90155,Possession reported in the jurisdiction.
444,100010006202500007,FIR,2025-11-10,6,1,1,5,Non-Heinous,Charge Sheeted,12.90754,77.60349,Robbery reported in the jurisdiction.
445,100020010202500015,FIR,2025-11-10,10,2,2,6,Heinous,Charge Sheeted,12.1674,76.71754,Grievous Hurt reported in the jurisdiction.
446,100040018202500023,FIR,2025-11-10,18,4,2,7,Non-Heinous,Closed,17.40363,76.85886,Murder reported in the jurisdiction.
447,100040022202500019,FIR,2025-11-10,22,4,5,13,Heinous,Charge Sheeted,17.22709,76.77035,Possession reported in the jurisdiction.
448,100010005202500024,FIR,2025-11-10,5,1,1,3,Non-Heinous,Closed,12.85625,77.50376,Chain Snatching — accused matches pattern seen in other station records.
449,100040019202500003,FIR,2025-11-11,19,4,1,5,Non-Heinous,Charge Sheeted,17.41178,76.85501,Robbery reported in the jurisdiction.
450,100010006202500020,FIR,2025-11-11,6,1,5,13,Heinous,Charge Sheeted,12.90326,77.61879,Possession reported in the jurisdiction.
451,100020008202500017,FIR,2025-11-11,8,2,4,12,Non-Heinous,Closed,12.31338,76.56495,Social Media Harassment reported in the jurisdiction.
452,100040022202500004,FIR,2025-11-12,22,4,5,14,Heinous,Closed,17.23394,76.78353,Peddling reported in the jurisdiction.
453,100030015202500018,FIR,2025-11-12,15,3,1,2,Non-Heinous,Under Investigation,15.77441,74.40654,Burglary / House-breaking reported in the jurisdiction.
454,100010002202500022,FIR,2025-11-12,2,1,1,3,Non-Heinous,Charge Sheeted,12.90698,77.51523,Part of a recurring chain snatching pattern in this catchment.
455,100030016202500004,FIR,2025-11-13,16,3,1,5,Non-Heinous,Closed,15.84505,74.39939,Robbery reported in the jurisdiction.
456,100030013202500004,FIR,2025-11-13,13,3,5,13,Non-Heinous,Under Investigation,15.73678,74.46434,Possession reported in the jurisdiction.
457,100040022202500013,FIR,2025-11-13,22,4,5,13,Non-Heinous,Under Investigation,17.21052,76.78236,Possession reported in the jurisdiction.
458,400060030202500002,Zero FIR,2025-11-13,30,6,5,14,Non-Heinous,Charge Sheeted,13.37416,77.11136,Peddling reported in the jurisdiction.
459,100060029202500012,FIR,2025-11-13,29,6,1,4,Non-Heinous,Charge Sheeted,13.29858,77.25189,Vehicle Theft reported in the jurisdiction.
460,100010002202500023,FIR,2025-11-13,2,1,1,3,Non-Heinous,Under Investigation,12.91458,77.50157,Part of a recurring chain snatching pattern in this catchment.
461,100050024202500029,FIR,2025-11-13,24,5,1,3,Non-Heinous,Undetected,13.00011,74.77613,Chain Snatching — accused matches pattern seen in other station records.
462,100030014202500001,FIR,2025-11-14,14,3,1,2,Non-Heinous,Closed,15.81144,74.47104,Burglary / House-breaking reported in the jurisdiction.
463,100010006202500010,FIR,2025-11-14,6,1,4,11,Non-Heinous,Charge Sheeted,12.91624,77.62788,Online Financial Fraud reported in the jurisdiction.
464,100020011202500009,FIR,2025-11-14,11,2,6,16,Non-Heinous,Charge Sheeted,12.33943,76.61766,Public Nuisance reported in the jurisdiction.
465,100050026202500003,FIR,2025-11-15,26,5,1,4,Non-Heinous,Closed,12.9825,74.89661,Vehicle Theft reported in the jurisdiction.
466,100040022202500011,FIR,2025-11-15,22,4,3,10,Non-Heinous,Under Investigation,17.24759,76.77223,Domestic Violence Complaint reported in the jurisdiction.
467,100020011202500011,FIR,2025-11-15,11,2,1,1,Non-Heinous,Charge Sheeted,12.32343,76.58188,Theft reported in the jurisdiction.
468,100040018202500018,FIR,2025-11-15,18,4,5,14,Heinous,Closed,17.40539,76.86191,Peddling reported in the jurisdiction.
469,100020007202500017,FIR,2025-11-15,7,2,1,4,Non-Heinous,Under Investigation,12.21992,76.69175,Vehicle Theft reported in the jurisdiction.
470,100050024202500005,FIR,2025-11-16,24,5,2,6,Non-Heinous,Charge Sheeted,13.00796,74.75721,Grievous Hurt reported in the jurisdiction.
471,100020012202500005,FIR,2025-11-16,12,2,2,6,Heinous,Charge Sheeted,12.21594,76.76627,Grievous Hurt reported in the jurisdiction.
472,100030014202500008,FIR,2025-11-16,14,3,2,6,Non-Heinous,Under Investigation,15.83454,74.46704,Grievous Hurt reported in the jurisdiction.
473,100050024202500023,FIR,2025-11-16,24,5,2,6,Non-Heinous,Charge Sheeted,13.01101,74.76336,Grievous Hurt reported in the jurisdiction.
474,100020009202500001,FIR,2025-11-17,9,2,5,14,Non-Heinous,Under Investigation,12.32743,76.72125,Peddling reported in the jurisdiction.
475,100010005202500002,FIR,2025-11-17,5,1,1,4,Non-Heinous,Undetected,12.84053,77.48336,Vehicle Theft reported in the jurisdiction.
476,100010001202500005,FIR,2025-11-17,1,1,5,13,Heinous,Under Investigation,12.86096,77.66517,Possession reported in the jurisdiction.
477,100030013202500006,FIR,2025-11-17,13,3,1,5,Non-Heinous,Under Investigation,15.73647,74.46457,Robbery reported in the jurisdiction.
478,100020007202500003,FIR,2025-11-17,7,2,1,2,Non-Heinous,Undetected,12.24163,76.68272,Burglary / House-breaking reported in the jurisdiction.
479,100010001202500002,FIR,2025-11-18,1,1,1,4,Non-Heinous,Charge Sheeted,12.89237,77.65156,Vehicle Theft reported in the jurisdiction.
480,100050023202500005,FIR,2025-11-18,23,5,4,11,Non-Heinous,Under Investigation,12.89714,74.86077,Online Financial Fraud reported in the jurisdiction.
481,100010001202500014,FIR,2025-11-18,1,1,2,8,Non-Heinous,Under Investigation,12.89581,77.64319,Assault reported in the jurisdiction.
482,100020009202500011,FIR,2025-11-18,9,2,6,16,Non-Heinous,Charge Sheeted,12.33596,76.71524,Public Nuisance reported in the jurisdiction.
483,100030016202500014,FIR,2025-11-18,16,3,3,9,Non-Heinous,Undetected,15.83223,74.39285,Molestation reported in the jurisdiction.
484,100010002202500024,FIR,2025-11-18,2,1,1,3,Non-Heinous,Under Investigation,12.92605,77.49591,Part of a recurring chain snatching pattern in this catchment.
485,100030013202500013,FIR,2025-11-19,13,3,1,4,Non-Heinous,Charge Sheeted,15.73463,74.44976,Vehicle Theft reported in the jurisdiction.
486,100020008202500005,FIR,2025-11-19,8,2,1,1,Non-Heinous,Under Investigation,12.32331,76.58401,Theft reported in the jurisdiction.
487,100020012202500007,FIR,2025-11-19,12,2,3,10,Heinous,Under Investigation,12.21863,76.74189,Domestic Violence Complaint reported in the jurisdiction.
488,100010004202500023,FIR,2025-11-19,4,1,2,6,Heinous,Under Investigation,12.97166,77.62734,Grievous Hurt reported in the jurisdiction.
489,100020008202500015,FIR,2025-11-19,8,2,1,2,Non-Heinous,Closed,12.31632,76.57884,Burglary / House-breaking reported in the jurisdiction.
490,100060029202500013,FIR,2025-11-19,29,6,2,6,Non-Heinous,Closed,13.31077,77.22039,Grievous Hurt reported in the jurisdiction.
491,100030015202500003,FIR,2025-11-20,15,3,3,9,Heinous,Under Investigation,15.80028,74.4011,Molestation reported in the jurisdiction.
492,100010004202500006,FIR,2025-11-20,4,1,1,2,Non-Heinous,Undetected,12.97,77.62418,Burglary / House-breaking reported in the jurisdiction.
493,100020009202500004,FIR,2025-11-20,9,2,2,8,Heinous,Charge Sheeted,12.29831,76.72877,Assault reported in the jurisdiction.
494,100050024202500021,FIR,2025-11-20,24,5,1,5,Non-Heinous,Charge Sheeted,13.0114,74.7855,Robbery reported in the jurisdiction.
495,100060030202500014,FIR,2025-11-20,30,6,1,4,Non-Heinous,Closed,13.3566,77.13065,Vehicle Theft reported in the jurisdiction.
496,100010005202500003,FIR,2025-11-21,5,1,3,10,Heinous,Charge Sheeted,12.85746,77.50115,Domestic Violence Complaint reported in the jurisdiction.
497,100030013202500011,FIR,2025-11-21,13,3,6,15,Non-Heinous,Undetected,15.75888,74.44914,Rioting reported in the jurisdiction.
498,100050024202500025,FIR,2025-11-21,24,5,4,11,Non-Heinous,Closed,12.98497,74.79252,Online Financial Fraud reported in the jurisdiction.
499,100040021202500027,FIR,2025-11-21,21,4,2,8,Non-Heinous,Charge Sheeted,17.25699,76.77104,Assault reported in the jurisdiction.
500,100060029202500007,FIR,2025-11-22,29,6,1,1,Non-Heinous,Under Investigation,13.32363,77.21609,Theft reported in the jurisdiction.
501,100020010202500009,FIR,2025-11-22,10,2,4,11,Non-Heinous,Undetected,12.17762,76.71714,Online Financial Fraud reported in the jurisdiction.
502,100050024202500020,FIR,2025-11-22,24,5,5,14,Non-Heinous,Under Investigation,12.97465,74.77654,Peddling reported in the jurisdiction.
503,100010004202500025,FIR,2025-11-22,4,1,5,13,Heinous,Closed,12.99013,77.61318,Possession reported in the jurisdiction.
504,100030014202500017,FIR,2025-11-22,14,3,1,5,Non-Heinous,Under Investigation,15.80724,74.46676,Robbery reported in the jurisdiction.
505,100030015202500023,FIR,2025-11-22,15,3,1,1,Non-Heinous,Closed,15.78964,74.40805,Theft reported in the jurisdiction.
506,100010004202500013,FIR,2025-11-23,4,1,2,6,Heinous,Closed,12.96814,77.63508,Grievous Hurt reported in the jurisdiction.
507,100030014202500012,FIR,2025-11-23,14,3,4,11,Non-Heinous,Closed,15.82674,74.46947,Online Financial Fraud reported in the jurisdiction.
508,100030014202500014,FIR,2025-11-23,14,3,1,3,Non-Heinous,Under Investigation,15.81827,74.4522,Chain Snatching reported in the jurisdiction.
509,100010003202500016,FIR,2025-11-23,3,1,3,10,Non-Heinous,Under Investigation,12.8808,77.6571,Domestic Violence Complaint reported in the jurisdiction.
510,100010002202500011,FIR,2025-11-23,2,1,1,5,Non-Heinous,Charge Sheeted,12.90185,77.50298,Robbery reported in the jurisdiction.
511,100010005202500015,FIR,2025-11-23,5,1,6,15,Non-Heinous,Closed,12.87277,77.48394,Rioting reported in the jurisdiction.
512,100020012202500004,FIR,2025-11-24,12,2,1,3,Non-Heinous,Charge Sheeted,12.20417,76.76484,Chain Snatching reported in the jurisdiction.
513,100040020202500008,FIR,2025-11-24,20,4,2,8,Non-Heinous,Charge Sheeted,17.37615,76.71619,Assault reported in the jurisdiction.
514,300020010202500002,PAR,2025-11-24,10,2,4,12,Non-Heinous,Under Investigation,12.17699,76.70788,Social Media Harassment reported in the jurisdiction.
515,100040020202500010,FIR,2025-11-24,20,4,2,7,Non-Heinous,Closed,17.37255,76.71739,Murder reported in the jurisdiction.
516,100060028202500014,FIR,2025-11-25,28,6,4,11,Non-Heinous,Closed,13.3983,77.04021,Online Financial Fraud reported in the jurisdiction.
517,100010005202500010,FIR,2025-11-25,5,1,1,2,Non-Heinous,Charge Sheeted,12.86899,77.50369,Burglary / House-breaking reported in the jurisdiction.
518,100030015202500017,FIR,2025-11-25,15,3,6,15,Non-Heinous,Closed,15.79279,74.37381,Rioting reported in the jurisdiction.
519,100010005202500014,FIR,2025-11-25,5,1,2,8,Heinous,Charge Sheeted,12.87801,77.49509,Assault reported in the jurisdiction.
520,100050024202500024,FIR,2025-11-25,24,5,5,13,Non-Heinous,Under Investigation,12.9916,74.76875,Possession reported in the jurisdiction.
521,100060027202500001,FIR,2025-11-26,27,6,3,10,Heinous,Undetected,13.35818,77.04383,Domestic Violence Complaint reported in the jurisdiction.
522,100060028202500011,FIR,2025-11-26,28,6,3,10,Non-Heinous,Closed,13.37627,77.04226,Domestic Violence Complaint reported in the jurisdiction.
523,100010002202500006,FIR,2025-11-26,2,1,4,12,Non-Heinous,Charge Sheeted,12.90072,77.51971,Social Media Harassment reported in the jurisdiction.
524,100020011202500016,FIR,2025-11-26,11,2,4,12,Non-Heinous,Under Investigation,12.34444,76.60149,Social Media Harassment reported in the jurisdiction.
525,100010001202500016,FIR,2025-11-26,1,1,3,9,Non-Heinous,Under Investigation,12.89733,77.64621,Molestation reported in the jurisdiction.
526,100010004202500008,FIR,2025-11-27,4,1,6,16,Non-Heinous,Charge Sheeted,12.98411,77.59722,Public Nuisance reported in the jurisdiction.
527,100010001202500007,FIR,2025-11-27,1,1,5,13,Non-Heinous,Under Investigation,12.87739,77.63693,Possession reported in the jurisdiction.
528,100010004202500012,FIR,2025-11-27,4,1,1,5,Non-Heinous,Undetected,12.96425,77.615,Robbery reported in the jurisdiction.
529,100010004202500029,FIR,2025-11-27,4,1,6,15,Non-Heinous,Closed,12.9691,77.60142,Rioting reported in the jurisdiction.
530,100030016202500018,FIR,2025-11-27,16,3,2,8,Heinous,Charge Sheeted,15.83373,74.40045,Assault reported in the jurisdiction.
531,100010002202500025,FIR,2025-11-27,2,1,1,3,Non-Heinous,Undetected,12.89766,77.5116,Part of a recurring chain snatching pattern in this catchment.
532,100010002202500026,FIR,2025-11-27,2,1,1,2,Non-Heinous,Undetected,12.89415,77.49019,Burglary / House-breaking — accused matches pattern seen in other station records.
533,100030017202500002,FIR,2025-11-28,17,3,3,10,Heinous,Undetected,15.96031,74.38937,Domestic Violence Complaint reported in the jurisdiction.
534,100060028202500008,FIR,2025-11-28,28,6,5,14,Non-Heinous,Charge Sheeted,13.37752,77.02003,Peddling reported in the jurisdiction.
535,100010001202500011,FIR,2025-11-28,1,1,1,4,Non-Heinous,Under Investigation,12.86165,77.63657,Vehicle Theft reported in the jurisdiction.
536,100050023202500009,FIR,2025-11-28,23,5,4,12,Non-Heinous,Charge Sheeted,12.90213,74.83554,Social Media Harassment reported in the jurisdiction.
537,100040022202500016,FIR,2025-11-28,22,4,4,11,Non-Heinous,Charge Sheeted,17.21248,76.7503,Online Financial Fraud reported in the jurisdiction.
538,100020007202500012,FIR,2025-11-28,7,2,1,5,Non-Heinous,Undetected,12.21892,76.68047,Robbery reported in the jurisdiction.
539,100040021202500003,FIR,2025-11-29,21,4,4,12,Non-Heinous,Closed,17.24913,76.77602,Social Media Harassment reported in the jurisdiction.
540,100040019202500004,FIR,2025-11-29,19,4,5,13,Heinous,Charge Sheeted,17.40523,76.83713,Possession reported in the jurisdiction.
541,100050024202500014,FIR,2025-11-29,24,5,1,5,Non-Heinous,Under Investigation,12.99407,74.79239,Robbery reported in the jurisdiction.
542,100020008202500009,FIR,2025-11-29,8,2,1,1,Non-Heinous,Closed,12.3105,76.5903,Theft reported in the jurisdiction.
543,100060027202500014,FIR,2025-11-29,27,6,6,15,Non-Heinous,Closed,13.36227,77.05683,Rioting reported in the jurisdiction.
544,100040018202500026,FIR,2025-11-29,18,4,2,6,Non-Heinous,Undetected,17.41686,76.8524,Grievous Hurt reported in the jurisdiction.
545,100060030202500016,FIR,2025-11-30,30,6,2,6,Non-Heinous,Closed,13.35202,77.12768,Grievous Hurt reported in the jurisdiction.
546,100010004202500001,FIR,2025-12-01,4,1,1,2,Non-Heinous,Under Investigation,12.99425,77.6146,Burglary / House-breaking reported in the jurisdiction.
547,100020008202500007,FIR,2025-12-01,8,2,4,12,Non-Heinous,Charge Sheeted,12.30973,76.57604,Social Media Harassment reported in the jurisdiction.
548,400030014202500001,Zero FIR,2025-12-01,14,3,1,4,Non-Heinous,Under Investigation,15.81454,74.44787,Vehicle Theft reported in the jurisdiction.
549,100060027202500011,FIR,2025-12-01,27,6,1,1,Non-Heinous,Undetected,13.36272,77.04067,Theft reported in the jurisdiction.
550,100040019202500007,FIR,2025-12-02,19,4,5,14,Non-Heinous,Charge Sheeted,17.41216,76.85751,Peddling reported in the jurisdiction.
551,100050024202500007,FIR,2025-12-02,24,5,1,4,Non-Heinous,Under Investigation,13.01259,74.77144,Vehicle Theft reported in the jurisdiction.
552,100060029202500006,FIR,2025-12-02,29,6,1,3,Non-Heinous,Under Investigation,13.29231,77.23579,Chain Snatching reported in the jurisdiction.
553,100060028202500020,FIR,2025-12-02,28,6,5,14,Non-Heinous,Closed,13.38892,77.0219,Peddling reported in the jurisdiction.
554,100010002202500017,FIR,2025-12-02,2,1,6,16,Non-Heinous,Closed,12.92439,77.48981,Public Nuisance reported in the jurisdiction.
555,100040019202500025,FIR,2025-12-02,19,4,1,2,Non-Heinous,Under Investigation,17.4246,76.8477,Burglary / House-breaking — accused matches pattern seen in other station records.
556,100050024202500003,FIR,2025-12-03,24,5,2,8,Non-Heinous,Closed,13.00536,74.76798,Assault reported in the jurisdiction.
557,100050026202500009,FIR,2025-12-03,26,5,6,16,Non-Heinous,Charge Sheeted,12.9514,74.8974,Public Nuisance reported in the jurisdiction.
558,100050025202500009,FIR,2025-12-03,25,5,2,7,Heinous,Under Investigation,12.88516,74.90398,Murder reported in the jurisdiction.
559,100060028202500018,FIR,2025-12-03,28,6,4,11,Non-Heinous,Charge Sheeted,13.39742,77.05138,Online Financial Fraud reported in the jurisdiction.
560,100040020202500016,FIR,2025-12-03,20,4,5,14,Non-Heinous,Charge Sheeted,17.39533,76.72959,Peddling reported in the jurisdiction.
561,100020012202500003,FIR,2025-12-04,12,2,2,6,Non-Heinous,Closed,12.21007,76.76559,Grievous Hurt reported in the jurisdiction.
562,100020008202500002,FIR,2025-12-04,8,2,2,8,Heinous,Closed,12.3042,76.58477,Assault reported in the jurisdiction.
563,100020007202500013,FIR,2025-12-04,7,2,1,5,Non-Heinous,Under Investigation,12.20519,76.6913,Robbery reported in the jurisdiction.
564,100020007202500016,FIR,2025-12-04,7,2,1,3,Non-Heinous,Under Investigation,12.21291,76.65844,Chain Snatching reported in the jurisdiction.
565,100040020202500015,FIR,2025-12-04,20,4,1,1,Non-Heinous,Undetected,17.38973,76.72474,Theft reported in the jurisdiction.
566,100010004202500007,FIR,2025-12-05,4,1,1,4,Non-Heinous,Charge Sheeted,12.98144,77.62963,Vehicle Theft reported in the jurisdiction.
567,100010003202500007,FIR,2025-12-05,3,1,4,11,Non-Heinous,Charge Sheeted,12.86578,77.66506,Online Financial Fraud reported in the jurisdiction.
568,100040021202500011,FIR,2025-12-05,21,4,2,7,Non-Heinous,Closed,17.2507,76.78037,Murder reported in the jurisdiction.
569,100050024202500012,FIR,2025-12-05,24,5,1,5,Non-Heinous,Charge Sheeted,12.99938,74.77309,Robbery reported in the jurisdiction.
570,100040022202500020,FIR,2025-12-05,22,4,3,10,Non-Heinous,Under Investigation,17.23275,76.78755,Domestic Violence Complaint reported in the jurisdiction.
571,100060028202500003,FIR,2025-12-06,28,6,5,14,Non-Heinous,Under Investigation,13.40898,77.04906,Peddling reported in the jurisdiction.
572,400010005202500001,Zero FIR,2025-12-06,5,1,6,15,Non-Heinous,Closed,12.85639,77.48936,Rioting reported in the jurisdiction.
573,100010003202500014,FIR,2025-12-06,3,1,2,7,Non-Heinous,Charge Sheeted,12.89151,77.64661,Murder reported in the jurisdiction.
574,100060030202500003,FIR,2025-12-07,30,6,4,11,Non-Heinous,Under Investigation,13.37044,77.14932,Online Financial Fraud reported in the jurisdiction.
575,100020010202500006,FIR,2025-12-07,10,2,5,14,Heinous,Charge Sheeted,12.16824,76.70078,Peddling reported in the jurisdiction.
576,100040021202500024,FIR,2025-12-07,21,4,2,7,Heinous,Charge Sheeted,17.24576,76.79347,Murder reported in the jurisdiction.
577,100020008202500020,FIR,2025-12-07,8,2,5,13,Non-Heinous,Charge Sheeted,12.28716,76.57506,Possession reported in the jurisdiction.
578,100020012202500011,FIR,2025-12-08,12,2,3,9,Heinous,Charge Sheeted,12.19387,76.73311,Molestation reported in the jurisdiction.
579,100050024202500018,FIR,2025-12-09,24,5,2,7,Non-Heinous,Closed,12.98909,74.76728,Murder reported in the jurisdiction.
580,100010004202500024,FIR,2025-12-09,4,1,2,8,Non-Heinous,Undetected,12.97696,77.61116,Assault reported in the jurisdiction.
581,100030015202500019,FIR,2025-12-09,15,3,1,4,Non-Heinous,Under Investigation,15.7929,74.39172,Vehicle Theft reported in the jurisdiction.
582,200020010202500001,UDR,2025-12-09,10,2,1,3,Non-Heinous,Charge Sheeted,12.18334,76.7246,Chain Snatching — accused matches pattern seen in other station records.
583,100050026202500016,FIR,2025-12-10,26,5,1,3,Non-Heinous,Closed,12.97078,74.89714,Chain Snatching reported in the jurisdiction.
584,100050025202500011,FIR,2025-12-10,25,5,2,7,Heinous,Under Investigation,12.86772,74.89988,Murder reported in the jurisdiction.
585,100060028202500023,FIR,2025-12-10,28,6,1,1,Non-Heinous,Undetected,13.39524,77.04718,Theft reported in the jurisdiction.
586,200030013202500002,UDR,2025-12-10,13,3,1,5,Non-Heinous,Undetected,15.74422,74.47919,Part of a recurring robbery pattern in this catchment.
587,100020010202500010,FIR,2025-12-11,10,2,1,3,Non-Heinous,Under Investigation,12.16965,76.71166,Chain Snatching reported in the jurisdiction.
588,100020008202500016,FIR,2025-12-11,8,2,2,7,Non-Heinous,Closed,12.3079,76.56651,Murder reported in the jurisdiction.
589,100010002202500013,FIR,2025-12-11,2,1,6,16,Non-Heinous,Undetected,12.92968,77.49122,Public Nuisance reported in the jurisdiction.
590,100030017202500006,FIR,2025-12-12,17,3,1,1,Non-Heinous,Undetected,15.9414,74.41089,Theft reported in the jurisdiction.
591,100040022202500014,FIR,2025-12-12,22,4,3,10,Heinous,Under Investigation,17.21662,76.7753,Domestic Violence Complaint reported in the jurisdiction.
592,100030015202500012,FIR,2025-12-12,15,3,4,11,Non-Heinous,Under Investigation,15.78772,74.39324,Online Financial Fraud reported in the jurisdiction.
593,100030016202500013,FIR,2025-12-12,16,3,5,14,Non-Heinous,Charge Sheeted,15.84041,74.41121,Peddling reported in the jurisdiction.
594,100020011202500014,FIR,2025-12-12,11,2,2,6,Heinous,Under Investigation,12.35794,76.61416,Grievous Hurt reported in the jurisdiction.
595,100030017202500016,FIR,2025-12-12,17,3,1,5,Non-Heinous,Charge Sheeted,15.95472,74.41453,Robbery — accused matches pattern seen in other station records.
596,100010003202500002,FIR,2025-12-13,3,1,1,4,Non-Heinous,Undetected,12.85957,77.66962,Vehicle Theft reported in the jurisdiction.
597,100050023202500007,FIR,2025-12-13,23,5,3,10,Heinous,Charge Sheeted,12.88265,74.82644,Domestic Violence Complaint reported in the jurisdiction.
598,100030017202500008,FIR,2025-12-13,17,3,1,4,Non-Heinous,Under Investigation,15.95811,74.39474,Vehicle Theft reported in the jurisdiction.
599,100020008202500008,FIR,2025-12-13,8,2,1,2,Non-Heinous,Charge Sheeted,12.31192,76.569,Burglary / House-breaking reported in the jurisdiction.
600,100030013202500010,FIR,2025-12-14,13,3,5,13,Heinous,Charge Sheeted,15.75889,74.47042,Possession reported in the jurisdiction.
601,100010004202500018,FIR,2025-12-14,4,1,2,6,Heinous,Closed,12.97688,77.61798,Grievous Hurt reported in the jurisdiction.
602,100020007202500009,FIR,2025-12-14,7,2,6,16,Non-Heinous,Under Investigation,12.22858,76.67032,Public Nuisance reported in the jurisdiction.
603,100010006202500016,FIR,2025-12-14,6,1,6,15,Non-Heinous,Under Investigation,12.90481,77.62611,Rioting reported in the jurisdiction.
604,100010002202500010,FIR,2025-12-14,2,1,5,13,Heinous,Charge Sheeted,12.9258,77.51032,Possession reported in the jurisdiction.
605,100010003202500017,FIR,2025-12-14,3,1,1,1,Non-Heinous,Closed,12.8875,77.63606,Theft reported in the jurisdiction.
606,100030013202500021,FIR,2025-12-14,13,3,1,5,Non-Heinous,Charge Sheeted,15.74049,74.45768,Part of a recurring robbery pattern in this catchment.
607,100040022202500006,FIR,2025-12-15,22,4,5,13,Heinous,Charge Sheeted,17.22204,76.76582,Possession reported in the jurisdiction.
608,100050025202500005,FIR,2025-12-15,25,5,1,5,Non-Heinous,Closed,12.8771,74.88786,Robbery reported in the jurisdiction.
609,100040021202500010,FIR,2025-12-15,21,4,4,11,Non-Heinous,Undetected,17.24846,76.78434,Online Financial Fraud reported in the jurisdiction.
610,100040021202500016,FIR,2025-12-15,21,4,5,14,Heinous,Charge Sheeted,17.26935,76.78726,Peddling reported in the jurisdiction.
611,400020007202500001,Zero FIR,2025-12-15,7,2,3,10,Non-Heinous,Closed,12.23206,76.66146,Domestic Violence Complaint reported in the jurisdiction.
612,100030013202500022,FIR,2025-12-15,13,3,1,5,Non-Heinous,Closed,15.76998,74.46291,Part of a recurring robbery pattern in this catchment.
613,100030014202500013,FIR,2025-12-16,14,3,2,7,Heinous,Closed,15.79804,74.47266,Murder reported in the jurisdiction.
614,100040019202500021,FIR,2025-12-16,19,4,5,13,Heinous,Under Investigation,17.42008,76.84848,Possession reported in the jurisdiction.
615,100060028202500022,FIR,2025-12-17,28,6,4,12,Non-Heinous,Closed,13.39181,77.04012,Social Media Harassment reported in the jurisdiction.
616,100010003202500021,FIR,2025-12-17,3,1,4,11,Non-Heinous,Charge Sheeted,12.86493,77.64024,Online Financial Fraud reported in the jurisdiction.
617,100050024202500028,FIR,2025-12-17,24,5,4,11,Non-Heinous,Undetected,13.01006,74.78119,Online Financial Fraud reported in the jurisdiction.
618,100010005202500025,FIR,2025-12-17,5,1,1,5,Non-Heinous,Charge Sheeted,12.8479,77.49353,Robbery — accused matches pattern seen in other station records.
619,100040019202500008,FIR,2025-12-18,19,4,2,6,Non-Heinous,Undetected,17.42374,76.86363,Grievous Hurt reported in the jurisdiction.
620,100010006202500006,FIR,2025-12-19,6,1,1,1,Non-Heinous,Under Investigation,12.89725,77.6273,Theft reported in the jurisdiction.
621,100010004202500010,FIR,2025-12-19,4,1,3,10,Non-Heinous,Closed,12.97144,77.60309,Domestic Violence Complaint reported in the jurisdiction.
622,100060030202500005,FIR,2025-12-19,30,6,6,15,Non-Heinous,Charge Sheeted,13.35462,77.13553,Rioting reported in the jurisdiction.
623,100010004202500028,FIR,2025-12-19,4,1,5,13,Non-Heinous,Charge Sheeted,13.00015,77.63192,Possession reported in the jurisdiction.
624,100040022202500007,FIR,2025-12-20,22,4,5,14,Heinous,Under Investigation,17.22376,76.76827,Peddling reported in the jurisdiction.
625,100020011202500017,FIR,2025-12-20,11,2,1,3,Non-Heinous,Closed,12.34769,76.61852,Chain Snatching reported in the jurisdiction.
626,100030013202500023,FIR,2025-12-20,13,3,1,5,Non-Heinous,Charge Sheeted,15.7362,74.47073,Part of a recurring robbery pattern in this catchment.
627,300030014202500001,PAR,2025-12-21,14,3,2,7,Non-Heinous,Charge Sheeted,15.80772,74.47629,Murder reported in the jurisdiction.
628,100020011202500010,FIR,2025-12-21,11,2,2,8,Non-Heinous,Undetected,12.34374,76.59188,Assault reported in the jurisdiction.
629,100020010202500016,FIR,2025-12-21,10,2,1,3,Non-Heinous,Charge Sheeted,12.16282,76.70849,Chain Snatching reported in the jurisdiction.
630,100020011202500001,FIR,2025-12-22,11,2,5,13,Non-Heinous,Charge Sheeted,12.33907,76.58562,Possession reported in the jurisdiction.
631,100060029202500001,FIR,2025-12-22,29,6,5,13,Heinous,Charge Sheeted,13.29928,77.23384,Possession reported in the jurisdiction.
632,100010004202500011,FIR,2025-12-22,4,1,2,7,Heinous,Charge Sheeted,12.98504,77.60139,Murder reported in the jurisdiction.
633,100020009202500006,FIR,2025-12-22,9,2,5,13,Heinous,Charge Sheeted,12.32949,76.73034,Possession reported in the jurisdiction.
634,100040018202500012,FIR,2025-12-22,18,4,6,15,Non-Heinous,Undetected,17.39546,76.86245,Rioting reported in the jurisdiction.
635,100010004202500017,FIR,2025-12-22,4,1,1,5,Non-Heinous,Closed,12.991,77.61243,Robbery reported in the jurisdiction.
636,100010001202500012,FIR,2025-12-22,1,1,4,11,Non-Heinous,Closed,12.86405,77.66767,Online Financial Fraud reported in the jurisdiction.
637,100040020202500025,FIR,2025-12-22,20,4,1,1,Non-Heinous,Charge Sheeted,17.38194,76.7131,Theft — accused matches pattern seen in other station records.
638,100030017202500003,FIR,2025-12-23,17,3,1,4,Non-Heinous,Closed,15.9353,74.38456,Vehicle Theft reported in the jurisdiction.
639,100010006202500004,FIR,2025-12-23,6,1,1,4,Non-Heinous,Under Investigation,12.91605,77.62816,Vehicle Theft reported in the jurisdiction.
640,100050024202500008,FIR,2025-12-23,24,5,6,16,Non-Heinous,Closed,12.99968,74.75859,Public Nuisance reported in the jurisdiction.
641,100050025202500006,FIR,2025-12-23,25,5,3,9,Non-Heinous,Charge Sheeted,12.86747,74.88753,Molestation reported in the jurisdiction.
642,400040018202500001,Zero FIR,2025-12-23,18,4,1,4,Non-Heinous,Closed,17.41058,76.87039,Vehicle Theft reported in the jurisdiction.
643,100020011202500013,FIR,2025-12-23,11,2,6,15,Non-Heinous,Undetected,12.34675,76.58221,Rioting reported in the jurisdiction.
644,200020007202500001,UDR,2025-12-23,7,2,4,11,Non-Heinous,Under Investigation,12.21987,76.67888,Online Financial Fraud reported in the jurisdiction.
645,100020010202500008,FIR,2025-12-24,10,2,3,10,Non-Heinous,Closed,12.17835,76.70812,Domestic Violence Complaint reported in the jurisdiction.
646,100040021202500013,FIR,2025-12-24,21,4,6,15,Non-Heinous,Under Investigation,17.27284,76.7638,Rioting reported in the jurisdiction.
647,100020012202500014,FIR,2025-12-24,12,2,3,9,Heinous,Charge Sheeted,12.20861,76.75217,Molestation reported in the jurisdiction.
648,100030013202500025,FIR,2025-12-24,13,3,1,5,Non-Heinous,Undetected,15.77148,74.4661,Part of a recurring robbery pattern in this catchment.
649,100060030202500001,FIR,2025-12-25,30,6,6,15,Non-Heinous,Under Investigation,13.38979,77.15079,Rioting reported in the jurisdiction.
650,100040018202500027,FIR,2025-12-25,18,4,6,15,Non-Heinous,Under Investigation,17.41675,76.85052,Rioting reported in the jurisdiction.
651,100030016202500005,FIR,2025-12-26,16,3,4,12,Non-Heinous,Under Investigation,15.82158,74.40078,Social Media Harassment reported in the jurisdiction.
652,100050026202500006,FIR,2025-12-26,26,5,4,12,Non-Heinous,Under Investigation,12.94287,74.91714,Social Media Harassment reported in the jurisdiction.
653,100010005202500018,FIR,2025-12-26,5,1,6,16,Non-Heinous,Under Investigation,12.84103,77.51388,Public Nuisance reported in the jurisdiction.
654,100030013202500024,FIR,2025-12-26,13,3,1,5,Non-Heinous,Charge Sheeted,15.73741,74.45737,Part of a recurring robbery pattern in this catchment.
655,100040021202500031,FIR,2025-12-26,21,4,1,5,Non-Heinous,Under Investigation,17.24506,76.7752,Robbery — accused matches pattern seen in other station records.
656,100020011202500002,FIR,2025-12-27,11,2,3,10,Heinous,Closed,12.36145,76.60164,Domestic Violence Complaint reported in the jurisdiction.
657,100060028202500004,FIR,2025-12-27,28,6,1,2,Non-Heinous,Undetected,13.39996,77.03356,Burglary / House-breaking reported in the jurisdiction.
658,100030014202500005,FIR,2025-12-27,14,3,6,16,Non-Heinous,Under Investigation,15.79916,74.45741,Public Nuisance reported in the jurisdiction.
659,100050023202500004,FIR,2025-12-28,23,5,6,16,Non-Heinous,Charge Sheeted,12.87372,74.85699,Public Nuisance reported in the jurisdiction.
660,100060027202500007,FIR,2025-12-28,27,6,1,2,Non-Heinous,Under Investigation,13.37722,77.04738,Burglary / House-breaking reported in the jurisdiction.
661,100060029202500004,FIR,2025-12-28,29,6,6,16,Non-Heinous,Under Investigation,13.29309,77.25469,Public Nuisance reported in the jurisdiction.
662,100020011202500007,FIR,2025-12-28,11,2,1,4,Non-Heinous,Under Investigation,12.35543,76.61022,Vehicle Theft reported in the jurisdiction.
663,100010004202500019,FIR,2025-12-28,4,1,5,13,Heinous,Under Investigation,12.98384,77.60693,Possession reported in the jurisdiction.
664,100060027202500010,FIR,2025-12-28,27,6,6,16,Non-Heinous,Under Investigation,13.35248,77.05234,Public Nuisance reported in the jurisdiction.
665,100040018202500022,FIR,2025-12-29,18,4,6,16,Non-Heinous,Closed,17.41659,76.87048,Public Nuisance reported in the jurisdiction.
666,100010002202500007,FIR,2025-12-30,2,1,2,7,Heinous,Closed,12.89799,77.50439,Murder reported in the jurisdiction.
667,100030015202500009,FIR,2025-12-31,15,3,4,11,Non-Heinous,Charge Sheeted,15.79702,74.38242,Online Financial Fraud reported in the jurisdiction.
668,100050026202500014,FIR,2025-12-31,26,5,1,5,Non-Heinous,Closed,12.97762,74.88865,Robbery reported in the jurisdiction.
669,100040021202500029,FIR,2025-12-31,21,4,1,4,Non-Heinous,Under Investigation,17.26468,76.78123,Vehicle Theft reported in the jurisdiction.
670,100040022202600010,FIR,2026-01-01,22,4,2,7,Heinous,Under Investigation,17.24471,76.77539,Murder reported in the jurisdiction.
671,100010006202600002,FIR,2026-01-01,6,1,1,3,Non-Heinous,Undetected,12.91538,77.6323,Chain Snatching reported in the jurisdiction.
672,100040019202600012,FIR,2026-01-01,19,4,4,11,Non-Heinous,Under Investigation,17.40301,76.85211,Online Financial Fraud reported in the jurisdiction.
673,100010004202600025,FIR,2026-01-01,4,1,1,4,Non-Heinous,Undetected,12.99614,77.61702,Vehicle Theft reported in the jurisdiction.
674,100020010202600012,FIR,2026-01-01,10,2,6,16,Non-Heinous,Under Investigation,12.19294,76.71828,Public Nuisance reported in the jurisdiction.
675,100010003202600018,FIR,2026-01-01,3,1,6,15,Non-Heinous,Charge Sheeted,12.89279,77.65913,Rioting reported in the jurisdiction.
676,100060028202600028,FIR,2026-01-01,28,6,2,7,Non-Heinous,Closed,13.38871,77.04224,Murder reported in the jurisdiction.
677,100030015202600029,FIR,2026-01-01,15,3,4,12,Non-Heinous,Under Investigation,15.77886,74.36833,Social Media Harassment reported in the jurisdiction.
678,100030013202600033,FIR,2026-01-01,13,3,1,5,Non-Heinous,Closed,15.76429,74.44994,Part of a recurring robbery pattern in this catchment.
679,100010004202600006,FIR,2026-01-02,4,1,3,10,Heinous,Under Investigation,12.97375,77.63339,Domestic Violence Complaint reported in the jurisdiction.
680,100050025202600023,FIR,2026-01-02,25,5,1,1,Non-Heinous,Charge Sheeted,12.89524,74.91119,Theft reported in the jurisdiction.
681,100050026202600024,FIR,2026-01-02,26,5,6,15,Non-Heinous,Closed,12.9444,74.89458,Rioting reported in the jurisdiction.
682,100030015202600003,FIR,2026-01-03,15,3,6,15,Non-Heinous,Under Investigation,15.80912,74.38039,Rioting reported in the jurisdiction.
683,200020011202600001,UDR,2026-01-03,11,2,2,6,Heinous,Closed,12.33224,76.61533,Grievous Hurt reported in the jurisdiction.
684,100040020202600007,FIR,2026-01-03,20,4,2,8,Non-Heinous,Charge Sheeted,17.37673,76.73072,Assault reported in the jurisdiction.
685,100020012202600005,FIR,2026-01-03,12,2,4,11,Non-Heinous,Closed,12.21988,76.75645,Online Financial Fraud reported in the jurisdiction.
686,100010004202600013,FIR,2026-01-03,4,1,1,2,Non-Heinous,Charge Sheeted,12.97566,77.62083,Burglary / House-breaking reported in the jurisdiction.
687,100060029202600009,FIR,2026-01-03,29,6,3,9,Non-Heinous,Closed,13.2954,77.2196,Molestation reported in the jurisdiction.
688,200050024202600004,UDR,2026-01-03,24,5,1,3,Non-Heinous,Charge Sheeted,12.98031,74.77676,Chain Snatching reported in the jurisdiction.
689,100010004202600002,FIR,2026-01-04,4,1,2,8,Non-Heinous,Under Investigation,12.97742,77.60197,Assault reported in the jurisdiction.
690,100040018202600004,FIR,2026-01-04,18,4,1,3,Non-Heinous,Charge Sheeted,17.41842,76.87178,Chain Snatching reported in the jurisdiction.
691,100060027202600009,FIR,2026-01-04,27,6,2,8,Non-Heinous,Charge Sheeted,13.35252,77.03327,Assault reported in the jurisdiction.
692,100030014202600017,FIR,2026-01-04,14,3,3,9,Heinous,Charge Sheeted,15.80727,74.45894,Molestation reported in the jurisdiction.
693,400020011202600001,Zero FIR,2026-01-04,11,2,2,8,Non-Heinous,Charge Sheeted,12.35486,76.61067,Assault reported in the jurisdiction.
694,100060029202600010,FIR,2026-01-04,29,6,1,2,Non-Heinous,Charge Sheeted,13.30155,77.23794,Burglary / House-breaking reported in the jurisdiction.
695,100020012202600019,FIR,2026-01-04,12,2,2,8,Non-Heinous,Charge Sheeted,12.22808,76.74675,Assault reported in the jurisdiction.
696,100010005202600012,FIR,2026-01-05,5,1,2,7,Non-Heinous,Undetected,12.85375,77.51346,Murder reported in the jurisdiction.
697,100040019202600021,FIR,2026-01-05,19,4,3,10,Non-Heinous,Closed,17.42496,76.83774,Domestic Violence Complaint reported in the jurisdiction.
698,100040020202600009,FIR,2026-01-06,20,4,1,1,Non-Heinous,Closed,17.36687,76.74247,Theft reported in the jurisdiction.
699,100050024202600007,FIR,2026-01-06,24,5,1,5,Non-Heinous,Charge Sheeted,13.00253,74.76216,Robbery reported in the jurisdiction.
700,100060030202600006,FIR,2026-01-06,30,6,2,8,Non-Heinous,Under Investigation,13.35992,77.12942,Assault reported in the jurisdiction.
701,100040021202600017,FIR,2026-01-06,21,4,6,16,Non-Heinous,Charge Sheeted,17.26576,76.79877,Public Nuisance reported in the jurisdiction.
702,100020009202600018,FIR,2026-01-06,9,2,2,8,Non-Heinous,Undetected,12.33539,76.72737,Assault reported in the jurisdiction.
703,100010004202600033,FIR,2026-01-06,4,1,4,12,Non-Heinous,Charge Sheeted,12.98453,77.60101,Social Media Harassment reported in the jurisdiction.
704,100030016202600012,FIR,2026-01-07,16,3,2,7,Heinous,Charge Sheeted,15.82327,74.42373,Murder reported in the jurisdiction.
705,100010002202600018,FIR,2026-01-07,2,1,4,11,Non-Heinous,Undetected,12.89574,77.52164,Online Financial Fraud reported in the jurisdiction.
706,100060027202600018,FIR,2026-01-07,27,6,2,6,Heinous,Under Investigation,13.3482,77.0427,Grievous Hurt reported in the jurisdiction.
707,100020009202600020,FIR,2026-01-07,9,2,2,6,Heinous,Closed,12.31505,76.69719,Grievous Hurt reported in the jurisdiction.
708,100030013202600027,FIR,2026-01-07,13,3,1,1,Non-Heinous,Under Investigation,15.75899,74.47815,Theft reported in the jurisdiction.
709,100050025202600030,FIR,2026-01-07,25,5,1,5,Non-Heinous,Undetected,12.88621,74.90108,Robbery reported in the jurisdiction.
710,100060029202600002,FIR,2026-01-08,29,6,1,3,Non-Heinous,Under Investigation,13.32366,77.25081,Chain Snatching reported in the jurisdiction.
711,200020009202600001,UDR,2026-01-08,9,2,1,4,Non-Heinous,Under Investigation,12.31719,76.73259,Vehicle Theft reported in the jurisdiction.
712,100030017202600011,FIR,2026-01-08,17,3,1,2,Non-Heinous,Charge Sheeted,15.93267,74.394,Burglary / House-breaking reported in the jurisdiction.
713,100030015202600030,FIR,2026-01-08,15,3,1,1,Non-Heinous,Closed,15.80424,74.38811,Part of a recurring theft pattern in this catchment.
714,100010004202600008,FIR,2026-01-09,4,1,3,10,Heinous,Undetected,12.97335,77.59979,Domestic Violence Complaint reported in the jurisdiction.
715,100020012202600003,FIR,2026-01-09,12,2,4,11,Non-Heinous,Charge Sheeted,12.23076,76.75573,Online Financial Fraud reported in the jurisdiction.
716,100030017202600009,FIR,2026-01-09,17,3,1,3,Non-Heinous,Closed,15.93258,74.38063,Chain Snatching reported in the jurisdiction.
717,100060027202600014,FIR,2026-01-09,27,6,1,3,Non-Heinous,Charge Sheeted,13.34732,77.05357,Chain Snatching reported in the jurisdiction.
718,100040021202600016,FIR,2026-01-09,21,4,4,12,Non-Heinous,Charge Sheeted,17.28132,76.78256,Social Media Harassment reported in the jurisdiction.
719,100050026202600019,FIR,2026-01-09,26,5,5,14,Non-Heinous,Charge Sheeted,12.97746,74.90863,Peddling reported in the jurisdiction.
720,100030017202600021,FIR,2026-01-09,17,3,4,11,Non-Heinous,Charge Sheeted,15.96171,74.37765,Online Financial Fraud reported in the jurisdiction.
721,100020009202600011,FIR,2026-01-10,9,2,1,2,Non-Heinous,Undetected,12.3135,76.71303,Burglary / House-breaking reported in the jurisdiction.
722,100040020202600010,FIR,2026-01-10,20,4,2,8,Heinous,Charge Sheeted,17.36285,76.73418,Assault reported in the jurisdiction.
723,100060030202600013,FIR,2026-01-10,30,6,3,9,Non-Heinous,Under Investigation,13.36601,77.14975,Molestation reported in the jurisdiction.
724,100020008202600012,FIR,2026-01-10,8,2,5,13,Non-Heinous,Under Investigation,12.31718,76.5799,Possession reported in the jurisdiction.
725,100040021202600032,FIR,2026-01-10,21,4,1,3,Non-Heinous,Under Investigation,17.25409,76.78175,Chain Snatching — accused matches pattern seen in other station records.
726,100050025202600019,FIR,2026-01-11,25,5,4,11,Non-Heinous,Closed,12.88902,74.90516,Online Financial Fraud reported in the jurisdiction.
727,400060029202600001,Zero FIR,2026-01-11,29,6,2,6,Heinous,Undetected,13.32861,77.21805,Grievous Hurt reported in the jurisdiction.
728,100050024202600022,FIR,2026-01-11,24,5,1,3,Non-Heinous,Charge Sheeted,13.0084,74.79183,Part of a recurring chain snatching pattern in this catchment.
729,100010005202600008,FIR,2026-01-12,5,1,1,2,Non-Heinous,Under Investigation,12.86318,77.51195,Burglary / House-breaking reported in the jurisdiction.
730,100030015202600014,FIR,2026-01-12,15,3,5,13,Non-Heinous,Under Investigation,15.78115,74.36981,Possession reported in the jurisdiction.
731,200010004202600001,UDR,2026-01-12,4,1,1,4,Non-Heinous,Charge Sheeted,12.98982,77.60091,Vehicle Theft reported in the jurisdiction.
732,100030015202600031,FIR,2026-01-12,15,3,1,1,Non-Heinous,Under Investigation,15.8058,74.38481,Part of a recurring theft pattern in this catchment.
733,100040021202600025,FIR,2026-01-12,21,4,1,4,Non-Heinous,Charge Sheeted,17.2729,76.76765,Part of a recurring vehicle theft pattern in this catchment.
734,100050024202600001,FIR,2026-01-13,24,5,3,9,Heinous,Under Investigation,13.00752,74.75851,Molestation reported in the jurisdiction.
735,100050025202600006,FIR,2026-01-13,25,5,3,10,Heinous,Closed,12.87452,74.87955,Domestic Violence Complaint reported in the jurisdiction.
736,100050023202600004,FIR,2026-01-14,23,5,4,11,Non-Heinous,Charge Sheeted,12.86654,74.84383,Online Financial Fraud reported in the jurisdiction.
737,100020012202600006,FIR,2026-01-14,12,2,4,12,Non-Heinous,Charge Sheeted,12.22134,76.7511,Social Media Harassment reported in the jurisdiction.
738,300030014202600001,PAR,2026-01-14,14,3,5,14,Heinous,Undetected,15.79892,74.46937,Peddling reported in the jurisdiction.
739,100040018202600014,FIR,2026-01-14,18,4,1,2,Non-Heinous,Under Investigation,17.41069,76.8821,Burglary / House-breaking reported in the jurisdiction.
740,100060027202600019,FIR,2026-01-14,27,6,2,7,Non-Heinous,Undetected,13.34494,77.04381,Murder reported in the jurisdiction.
741,100040021202600026,FIR,2026-01-14,21,4,1,4,Non-Heinous,Closed,17.28173,76.80105,Part of a recurring vehicle theft pattern in this catchment.
742,100030017202600004,FIR,2026-01-15,17,3,3,10,Non-Heinous,Under Investigation,15.96592,74.4095,Domestic Violence Complaint reported in the jurisdiction.
743,100010005202600009,FIR,2026-01-15,5,1,5,13,Non-Heinous,Under Investigation,12.87202,77.5063,Possession reported in the jurisdiction.
744,100050024202600023,FIR,2026-01-15,24,5,1,3,Non-Heinous,Under Investigation,12.99411,74.75985,Part of a recurring chain snatching pattern in this catchment.
745,100020007202600001,FIR,2026-01-16,7,2,2,8,Non-Heinous,Undetected,12.23507,76.67921,Assault reported in the jurisdiction.
746,100050024202600008,FIR,2026-01-16,24,5,3,10,Non-Heinous,Under Investigation,12.99278,74.77867,Domestic Violence Complaint reported in the jurisdiction.
747,100050023202600011,FIR,2026-01-16,23,5,2,8,Non-Heinous,Under Investigation,12.90104,74.83025,Assault reported in the jurisdiction.
748,100040019202600027,FIR,2026-01-16,19,4,1,2,Non-Heinous,Under Investigation,17.42863,76.85657,Burglary / House-breaking reported in the jurisdiction.
749,100040022202600005,FIR,2026-01-17,22,4,5,13,Heinous,Under Investigation,17.22607,76.75059,Possession reported in the jurisdiction.
750,100020008202600002,FIR,2026-01-17,8,2,5,14,Heinous,Charge Sheeted,12.30585,76.57146,Peddling reported in the jurisdiction.
751,100060030202600005,FIR,2026-01-17,30,6,4,12,Non-Heinous,Closed,13.37362,77.12092,Social Media Harassment reported in the jurisdiction.
752,100040020202600016,FIR,2026-01-17,20,4,1,1,Non-Heinous,Under Investigation,17.39607,76.7312,Theft reported in the jurisdiction.
753,100010003202600012,FIR,2026-01-17,3,1,2,7,Heinous,Under Investigation,12.88157,77.63648,Murder reported in the jurisdiction.
754,100010006202600020,FIR,2026-01-17,6,1,1,2,Non-Heinous,Closed,12.90791,77.6361,Burglary / House-breaking reported in the jurisdiction.
755,100010005202600019,FIR,2026-01-18,5,1,3,10,Heinous,Closed,12.84796,77.48374,Domestic Violence Complaint reported in the jurisdiction.
756,100030013202600022,FIR,2026-01-18,13,3,4,12,Non-Heinous,Closed,15.73688,74.4684,Social Media Harassment reported in the jurisdiction.
757,100010006202600022,FIR,2026-01-18,6,1,6,15,Non-Heinous,Under Investigation,12.89,77.62701,Rioting reported in the jurisdiction.
758,100030015202600032,FIR,2026-01-18,15,3,1,1,Non-Heinous,Under Investigation,15.78909,74.37421,Part of a recurring theft pattern in this catchment.
759,100050025202600005,FIR,2026-01-19,25,5,2,6,Non-Heinous,Undetected,12.88574,74.88284,Grievous Hurt reported in the jurisdiction.
760,100030017202600017,FIR,2026-01-19,17,3,5,14,Heinous,Under Investigation,15.95871,74.39002,Peddling reported in the jurisdiction.
761,100050025202600018,FIR,2026-01-19,25,5,1,4,Non-Heinous,Under Investigation,12.88498,74.88141,Vehicle Theft reported in the jurisdiction.
762,100040019202600022,FIR,2026-01-19,19,4,6,16,Non-Heinous,Closed,17.40575,76.85831,Public Nuisance reported in the jurisdiction.
763,100030015202600012,FIR,2026-01-20,15,3,4,12,Non-Heinous,Under Investigation,15.78915,74.39706,Social Media Harassment reported in the jurisdiction.
764,100040020202600013,FIR,2026-01-20,20,4,2,6,Non-Heinous,Under Investigation,17.37189,76.72037,Grievous Hurt reported in the jurisdiction.
765,100060029202600012,FIR,2026-01-20,29,6,2,8,Heinous,Undetected,13.29503,77.23599,Assault reported in the jurisdiction.
766,100030017202600015,FIR,2026-01-20,17,3,6,15,Non-Heinous,Charge Sheeted,15.96342,74.40894,Rioting reported in the jurisdiction.
767,100050024202600024,FIR,2026-01-20,24,5,1,3,Non-Heinous,Charge Sheeted,13.00816,74.77363,Part of a recurring chain snatching pattern in this catchment.
768,100040021202600027,FIR,2026-01-20,21,4,1,4,Non-Heinous,Closed,17.27575,76.79407,Part of a recurring vehicle theft pattern in this catchment.
769,100040018202600019,FIR,2026-01-20,18,4,1,1,Non-Heinous,Undetected,17.42003,76.88247,Theft — accused matches pattern seen in other station records.
770,100050026202600003,FIR,2026-01-21,26,5,3,10,Non-Heinous,Undetected,12.96127,74.88306,Domestic Violence Complaint reported in the jurisdiction.
771,100030013202600003,FIR,2026-01-21,13,3,4,12,Non-Heinous,Charge Sheeted,15.74885,74.45465,Social Media Harassment reported in the jurisdiction.
772,100030014202600010,FIR,2026-01-21,14,3,1,3,Non-Heinous,Undetected,15.80306,74.44628,Chain Snatching reported in the jurisdiction.
773,100020011202600020,FIR,2026-01-21,11,2,4,11,Non-Heinous,Undetected,12.34163,76.58661,Online Financial Fraud reported in the jurisdiction.
774,100040021202600029,FIR,2026-01-21,21,4,1,4,Non-Heinous,Charge Sheeted,17.25742,76.7925,Part of a recurring vehicle theft pattern in this catchment.
775,100010001202600004,FIR,2026-01-22,1,1,4,11,Non-Heinous,Closed,12.89123,77.63864,Online Financial Fraud reported in the jurisdiction.
776,100030013202600020,FIR,2026-01-22,13,3,4,12,Non-Heinous,Closed,15.7508,74.47083,Social Media Harassment reported in the jurisdiction.
777,100030015202600033,FIR,2026-01-22,15,3,1,1,Non-Heinous,Under Investigation,15.80604,74.37963,Part of a recurring theft pattern in this catchment.
778,100030015202600034,FIR,2026-01-22,15,3,1,1,Non-Heinous,Undetected,15.79776,74.38746,Part of a recurring theft pattern in this catchment.
779,100040021202600028,FIR,2026-01-22,21,4,1,4,Non-Heinous,Charge Sheeted,17.27021,76.76593,Part of a recurring vehicle theft pattern in this catchment.
780,100060028202600003,FIR,2026-01-23,28,6,6,16,Non-Heinous,Under Investigation,13.40338,77.01836,Public Nuisance reported in the jurisdiction.
781,100010005202600002,FIR,2026-01-23,5,1,2,7,Heinous,Charge Sheeted,12.86201,77.51335,Murder reported in the jurisdiction.
782,200020009202600002,UDR,2026-01-23,9,2,1,3,Non-Heinous,Charge Sheeted,12.31634,76.72057,Chain Snatching reported in the jurisdiction.
783,100010001202600005,FIR,2026-01-23,1,1,1,3,Non-Heinous,Undetected,12.86658,77.63857,Chain Snatching reported in the jurisdiction.
784,100010003202600007,FIR,2026-01-23,3,1,5,14,Non-Heinous,Under Investigation,12.8759,77.65416,Peddling reported in the jurisdiction.
785,100010006202600007,FIR,2026-01-23,6,1,1,5,Non-Heinous,Charge Sheeted,12.92005,77.62047,Robbery reported in the jurisdiction.
786,100030016202600011,FIR,2026-01-23,16,3,2,6,Non-Heinous,Under Investigation,15.85871,74.39453,Grievous Hurt reported in the jurisdiction.
787,100060028202600013,FIR,2026-01-23,28,6,1,4,Non-Heinous,Under Investigation,13.39143,77.02434,Vehicle Theft reported in the jurisdiction.
788,200010001202600001,UDR,2026-01-23,1,1,3,10,Non-Heinous,Undetected,12.8967,77.63634,Domestic Violence Complaint reported in the jurisdiction.
789,100040022202600028,FIR,2026-01-23,22,4,1,2,Non-Heinous,Under Investigation,17.24855,76.77046,Burglary / House-breaking reported in the jurisdiction.
790,100020012202600015,FIR,2026-01-23,12,2,2,8,Heinous,Under Investigation,12.23033,76.76019,Assault reported in the jurisdiction.
791,100020009202600022,FIR,2026-01-23,9,2,1,3,Non-Heinous,Charge Sheeted,12.30051,76.69882,Chain Snatching reported in the jurisdiction.
792,100050026202600005,FIR,2026-01-24,26,5,1,3,Non-Heinous,Closed,12.96882,74.8842,Chain Snatching reported in the jurisdiction.
793,100030013202600004,FIR,2026-01-24,13,3,5,13,Non-Heinous,Closed,15.76641,74.4605,Possession reported in the jurisdiction.
794,200020012202600001,UDR,2026-01-24,12,2,3,9,Non-Heinous,Under Investigation,12.20716,76.75631,Molestation reported in the jurisdiction.
795,100040019202600014,FIR,2026-01-24,19,4,5,13,Non-Heinous,Undetected,17.39942,76.86603,Possession reported in the jurisdiction.
796,100040022202600025,FIR,2026-01-24,22,4,3,10,Non-Heinous,Under Investigation,17.22136,76.77754,Domestic Violence Complaint reported in the jurisdiction.
797,100020011202600024,FIR,2026-01-24,11,2,1,2,Non-Heinous,Under Investigation,12.33285,76.59436,Burglary / House-breaking — accused matches pattern seen in other station records.
798,100030015202600024,FIR,2026-01-25,15,3,3,10,Non-Heinous,Under Investigation,15.78987,74.39882,Domestic Violence Complaint reported in the jurisdiction.
799,100010006202600024,FIR,2026-01-25,6,1,2,6,Non-Heinous,Closed,12.91671,77.61596,Grievous Hurt reported in the jurisdiction.
800,100030015202600035,FIR,2026-01-25,15,3,1,1,Non-Heinous,Charge Sheeted,15.78833,74.37045,Part of a recurring theft pattern in this catchment.
801,100050024202600026,FIR,2026-01-25,24,5,1,3,Non-Heinous,Closed,12.97646,74.76635,Part of a recurring chain snatching pattern in this catchment.
802,100060027202600005,FIR,2026-01-26,27,6,4,12,Non-Heinous,Under Investigation,13.36745,77.04898,Social Media Harassment reported in the jurisdiction.
803,100060027202600007,FIR,2026-01-26,27,6,3,10,Non-Heinous,Closed,13.35493,77.03834,Domestic Violence Complaint reported in the jurisdiction.
804,100010004202600015,FIR,2026-01-26,4,1,2,8,Heinous,Charge Sheeted,12.98829,77.61848,Assault reported in the jurisdiction.
805,100010003202600016,FIR,2026-01-26,3,1,3,9,Heinous,Undetected,12.88974,77.6635,Molestation reported in the jurisdiction.
806,100040020202600023,FIR,2026-01-26,20,4,2,7,Non-Heinous,Under Investigation,17.38218,76.70989,Murder reported in the jurisdiction.
807,100020009202600014,FIR,2026-01-27,9,2,2,8,Heinous,Undetected,12.31409,76.71331,Assault reported in the jurisdiction.
808,100020007202600016,FIR,2026-01-27,7,2,2,8,Heinous,Closed,12.21568,76.67119,Assault reported in the jurisdiction.
809,100050026202600022,FIR,2026-01-27,26,5,6,15,Non-Heinous,Under Investigation,12.94515,74.90589,Rioting reported in the jurisdiction.
810,100030014202600006,FIR,2026-01-28,14,3,5,14,Heinous,Undetected,15.81756,74.46118,Peddling reported in the jurisdiction.
811,100030017202600016,FIR,2026-01-28,17,3,1,3,Non-Heinous,Under Investigation,15.94387,74.40071,Chain Snatching reported in the jurisdiction.
812,100050024202600025,FIR,2026-01-28,24,5,1,3,Non-Heinous,Charge Sheeted,13.01161,74.76176,Part of a recurring chain snatching pattern in this catchment.
813,100030017202600002,FIR,2026-01-29,17,3,3,9,Heinous,Closed,15.94693,74.39153,Molestation reported in the jurisdiction.
814,100040018202600007,FIR,2026-01-29,18,4,1,3,Non-Heinous,Under Investigation,17.39478,76.86283,Chain Snatching reported in the jurisdiction.
815,100050023202600010,FIR,2026-01-29,23,5,2,8,Heinous,Under Investigation,12.8744,74.84189,Assault reported in the jurisdiction.
816,100020007202600015,FIR,2026-01-29,7,2,4,11,Non-Heinous,Under Investigation,12.20405,76.67484,Online Financial Fraud reported in the jurisdiction.
817,100030014202600024,FIR,2026-01-29,14,3,1,5,Non-Heinous,Charge Sheeted,15.82198,74.47476,Robbery reported in the jurisdiction.
818,100060030202600020,FIR,2026-01-30,30,6,3,10,Heinous,Under Investigation,13.38304,77.13487,Domestic Violence Complaint reported in the jurisdiction.
819,100050026202600001,FIR,2026-01-31,26,5,1,2,Non-Heinous,Under Investigation,12.95252,74.88416,Burglary / House-breaking reported in the jurisdiction.
820,100020007202600017,FIR,2026-01-31,7,2,1,5,Non-Heinous,Under Investigation,12.21395,76.68664,Robbery reported in the jurisdiction.
821,100060028202600025,FIR,2026-01-31,28,6,2,8,Heinous,Undetected,13.38912,77.02972,Assault reported in the jurisdiction.
822,100040021202600030,FIR,2026-01-31,21,4,1,4,Non-Heinous,Under Investigation,17.26691,76.78864,Part of a recurring vehicle theft pattern in this catchment.
823,100020010202600003,FIR,2026-02-01,10,2,3,9,Non-Heinous,Undetected,12.17725,76.69674,Molestation reported in the jurisdiction.
824,100010005202600020,FIR,2026-02-01,5,1,2,6,Non-Heinous,Closed,12.86515,77.47771,Grievous Hurt reported in the jurisdiction.
825,100030016202600027,FIR,2026-02-01,16,3,5,13,Heinous,Under Investigation,15.82355,74.41158,Possession reported in the jurisdiction.
826,100030017202600024,FIR,2026-02-01,17,3,1,5,Non-Heinous,Undetected,15.96475,74.39964,Robbery — accused matches pattern seen in other station records.
827,100050025202600003,FIR,2026-02-02,25,5,4,12,Non-Heinous,Charge Sheeted,12.88205,74.90104,Social Media Harassment reported in the jurisdiction.
828,100040021202600006,FIR,2026-02-02,21,4,1,3,Non-Heinous,Closed,17.27552,76.7696,Chain Snatching reported in the jurisdiction.
829,100010004202600024,FIR,2026-02-02,4,1,4,11,Non-Heinous,Closed,12.97755,77.63388,Online Financial Fraud reported in the jurisdiction.
830,100030016202600021,FIR,2026-02-02,16,3,1,1,Non-Heinous,Undetected,15.84897,74.39819,Theft reported in the jurisdiction.
831,100010006202600021,FIR,2026-02-02,6,1,5,13,Heinous,Undetected,12.90094,77.61532,Possession reported in the jurisdiction.
832,100060028202600026,FIR,2026-02-02,28,6,4,12,Non-Heinous,Charge Sheeted,13.39065,77.02434,Social Media Harassment reported in the jurisdiction.
833,100010002202600024,FIR,2026-02-02,2,1,1,4,Non-Heinous,Charge Sheeted,12.92371,77.51405,Vehicle Theft reported in the jurisdiction.
834,200010002202600001,UDR,2026-02-03,2,1,5,13,Non-Heinous,Charge Sheeted,12.89397,77.52472,Possession reported in the jurisdiction.
835,100040021202600018,FIR,2026-02-03,21,4,5,14,Heinous,Charge Sheeted,17.25053,76.79672,Peddling reported in the jurisdiction.
836,100040019202600024,FIR,2026-02-03,19,4,5,14,Non-Heinous,Charge Sheeted,17.40908,76.85316,Peddling reported in the jurisdiction.
837,100020010202600016,FIR,2026-02-03,10,2,5,13,Heinous,Charge Sheeted,12.16633,76.70947,Possession reported in the jurisdiction.
838,100040021202600031,FIR,2026-02-03,21,4,1,4,Non-Heinous,Under Investigation,17.26394,76.7872,Part of a recurring vehicle theft pattern in this catchment.
839,100010006202600034,FIR,2026-02-03,6,1,1,2,Non-Heinous,Closed,12.92609,77.61666,Burglary / House-breaking — accused matches pattern seen in other station records.
840,100040020202600003,FIR,2026-02-04,20,4,4,11,Non-Heinous,Closed,17.37576,76.72206,Online Financial Fraud reported in the jurisdiction.
841,100010006202600004,FIR,2026-02-04,6,1,1,1,Non-Heinous,Under Investigation,12.91827,77.61292,Theft reported in the jurisdiction.
842,100050024202600027,FIR,2026-02-04,24,5,1,3,Non-Heinous,Under Investigation,12.99171,74.79385,Part of a recurring chain snatching pattern in this catchment.
843,100010002202600001,FIR,2026-02-05,2,1,1,2,Non-Heinous,Undetected,12.89344,77.52266,Burglary / House-breaking reported in the jurisdiction.
844,100030013202600005,FIR,2026-02-05,13,3,3,9,Non-Heinous,Charge Sheeted,15.75375,74.47216,Molestation reported in the jurisdiction.
845,100010004202600004,FIR,2026-02-05,4,1,4,11,Non-Heinous,Under Investigation,12.96798,77.62726,Online Financial Fraud reported in the jurisdiction.
846,100020011202600007,FIR,2026-02-05,11,2,3,10,Heinous,Undetected,12.34406,76.60737,Domestic Violence Complaint reported in the jurisdiction.
847,100050025202600012,FIR,2026-02-05,25,5,1,5,Non-Heinous,Closed,12.89316,74.89408,Robbery reported in the jurisdiction.
848,100050024202600012,FIR,2026-02-05,24,5,1,4,Non-Heinous,Under Investigation,13.00219,74.77579,Vehicle Theft reported in the jurisdiction.
849,100010005202600014,FIR,2026-02-05,5,1,1,2,Non-Heinous,Under Investigation,12.85042,77.47776,Burglary / House-breaking reported in the jurisdiction.
850,100050026202600018,FIR,2026-02-05,26,5,1,3,Non-Heinous,Under Investigation,12.97783,74.88354,Chain Snatching reported in the jurisdiction.
851,100050025202600028,FIR,2026-02-05,25,5,2,7,Heinous,Charge Sheeted,12.87969,74.87995,Murder reported in the jurisdiction.
852,100030014202600003,FIR,2026-02-06,14,3,2,6,Heinous,Under Investigation,15.81341,74.47728,Grievous Hurt reported in the jurisdiction.
853,100010005202600017,FIR,2026-02-06,5,1,6,15,Non-Heinous,Under Investigation,12.84669,77.48732,Rioting reported in the jurisdiction.
854,100020009202600003,FIR,2026-02-07,9,2,2,6,Non-Heinous,Undetected,12.32846,76.70441,Grievous Hurt reported in the jurisdiction.
855,100060028202600004,FIR,2026-02-07,28,6,5,14,Non-Heinous,Under Investigation,13.40281,77.03975,Peddling reported in the jurisdiction.
856,100010006202600014,FIR,2026-02-07,6,1,1,3,Non-Heinous,Undetected,12.92522,77.63436,Chain Snatching reported in the jurisdiction.
857,100020007202600003,FIR,2026-02-08,7,2,6,15,Non-Heinous,Under Investigation,12.22903,76.69273,Rioting reported in the jurisdiction.
858,100010004202600009,FIR,2026-02-08,4,1,5,13,Heinous,Under Investigation,13.00054,77.6298,Possession reported in the jurisdiction.
859,100030015202600005,FIR,2026-02-08,15,3,1,1,Non-Heinous,Charge Sheeted,15.80814,74.38035,Theft reported in the jurisdiction.
860,100060028202600009,FIR,2026-02-08,28,6,4,11,Non-Heinous,Charge Sheeted,13.38942,77.03452,Online Financial Fraud reported in the jurisdiction.
861,100020007202600007,FIR,2026-02-08,7,2,4,12,Non-Heinous,Closed,12.23629,76.67335,Social Media Harassment reported in the jurisdiction.
862,100030016202600007,FIR,2026-02-08,16,3,2,6,Heinous,Under Investigation,15.83481,74.4097,Grievous Hurt reported in the jurisdiction.
863,100050023202600026,FIR,2026-02-08,23,5,1,4,Non-Heinous,Closed,12.86856,74.82843,Part of a recurring vehicle theft pattern in this catchment.
864,100040019202600002,FIR,2026-02-09,19,4,2,6,Non-Heinous,Closed,17.41112,76.85899,Grievous Hurt reported in the jurisdiction.
865,100060027202600008,FIR,2026-02-09,27,6,6,16,Non-Heinous,Under Investigation,13.36832,77.02558,Public Nuisance reported in the jurisdiction.
866,100040021202600008,FIR,2026-02-09,21,4,6,16,Non-Heinous,Under Investigation,17.24812,76.80243,Public Nuisance reported in the jurisdiction.
867,200050024202600002,UDR,2026-02-09,24,5,2,6,Heinous,Charge Sheeted,12.98323,74.78966,Grievous Hurt reported in the jurisdiction.
868,100030013202600019,FIR,2026-02-09,13,3,6,15,Non-Heinous,Closed,15.75798,74.45635,Rioting reported in the jurisdiction.
869,100030016202600016,FIR,2026-02-09,16,3,6,15,Non-Heinous,Closed,15.83047,74.39137,Rioting reported in the jurisdiction.
870,100060027202600017,FIR,2026-02-09,27,6,1,4,Non-Heinous,Closed,13.37441,77.02548,Vehicle Theft reported in the jurisdiction.
871,100020008202600014,FIR,2026-02-10,8,2,1,1,Non-Heinous,Under Investigation,12.32482,76.56915,Theft reported in the jurisdiction.
872,400020008202600001,Zero FIR,2026-02-10,8,2,1,4,Non-Heinous,Charge Sheeted,12.29181,76.57774,Vehicle Theft reported in the jurisdiction.
873,100010006202600025,FIR,2026-02-10,6,1,1,4,Non-Heinous,Undetected,12.89941,77.6289,Part of a recurring vehicle theft pattern in this catchment.
874,100050023202600027,FIR,2026-02-10,23,5,1,4,Non-Heinous,Undetected,12.86544,74.85025,Part of a recurring vehicle theft pattern in this catchment.
875,100050024202600028,FIR,2026-02-10,24,5,1,3,Non-Heinous,Undetected,12.99203,74.77736,Part of a recurring chain snatching pattern in this catchment.
876,100060028202600008,FIR,2026-02-11,28,6,1,2,Non-Heinous,Undetected,13.38515,77.04185,Burglary / House-breaking reported in the jurisdiction.
877,100020012202600008,FIR,2026-02-11,12,2,6,15,Non-Heinous,Under Investigation,12.20019,76.75803,Rioting reported in the jurisdiction.
878,100010002202600010,FIR,2026-02-11,2,1,5,13,Non-Heinous,Under Investigation,12.90204,77.49064,Possession reported in the jurisdiction.
879,200040018202600001,UDR,2026-02-11,18,4,2,6,Heinous,Charge Sheeted,17.41089,76.84297,Grievous Hurt reported in the jurisdiction.
880,400020011202600002,Zero FIR,2026-02-11,11,2,5,13,Heinous,Closed,12.34494,76.61002,Possession reported in the jurisdiction.
881,100050026202600002,FIR,2026-02-12,26,5,1,4,Non-Heinous,Undetected,12.97688,74.88895,Vehicle Theft reported in the jurisdiction.
882,100010006202600001,FIR,2026-02-12,6,1,4,12,Non-Heinous,Charge Sheeted,12.90527,77.60961,Social Media Harassment reported in the jurisdiction.
883,100040021202600005,FIR,2026-02-12,21,4,6,15,Non-Heinous,Closed,17.26037,76.77153,Rioting reported in the jurisdiction.
884,200020008202600001,UDR,2026-02-12,8,2,1,1,Non-Heinous,Charge Sheeted,12.31914,76.58306,Theft reported in the jurisdiction.
885,100010002202600011,FIR,2026-02-12,2,1,1,5,Non-Heinous,Under Investigation,12.90945,77.51878,Robbery reported in the jurisdiction.
886,100030014202600019,FIR,2026-02-12,14,3,1,2,Non-Heinous,Under Investigation,15.8144,74.47127,Burglary / House-breaking reported in the jurisdiction.
887,100020008202600015,FIR,2026-02-12,8,2,6,16,Non-Heinous,Charge Sheeted,12.3039,76.57887,Public Nuisance reported in the jurisdiction.
888,100030017202600018,FIR,2026-02-12,17,3,6,15,Non-Heinous,Charge Sheeted,15.95894,74.41306,Rioting reported in the jurisdiction.
889,100010003202600002,FIR,2026-02-13,3,1,3,9,Heinous,Undetected,12.86418,77.66775,Molestation reported in the jurisdiction.
890,100010002202600007,FIR,2026-02-13,2,1,1,4,Non-Heinous,Charge Sheeted,12.90743,77.49525,Vehicle Theft reported in the jurisdiction.
891,100060029202600006,FIR,2026-02-13,29,6,2,6,Heinous,Under Investigation,13.30577,77.21736,Grievous Hurt reported in the jurisdiction.
892,100060028202600010,FIR,2026-02-13,28,6,5,13,Heinous,Charge Sheeted,13.38187,77.03169,Possession reported in the jurisdiction.
893,100010003202600017,FIR,2026-02-13,3,1,1,3,Non-Heinous,Undetected,12.88373,77.64046,Chain Snatching reported in the jurisdiction.
894,100020012202600001,FIR,2026-02-14,12,2,2,8,Non-Heinous,Closed,12.20812,76.73026,Assault reported in the jurisdiction.
895,300040020202600001,PAR,2026-02-14,20,4,4,11,Non-Heinous,Under Investigation,17.37431,76.70869,Online Financial Fraud reported in the jurisdiction.
896,100060027202600012,FIR,2026-02-14,27,6,1,1,Non-Heinous,Closed,13.36232,77.03119,Theft reported in the jurisdiction.
897,100010001202600012,FIR,2026-02-14,1,1,1,5,Non-Heinous,Closed,12.88127,77.63728,Robbery reported in the jurisdiction.
898,100050023202600028,FIR,2026-02-14,23,5,1,4,Non-Heinous,Under Investigation,12.86603,74.82898,Part of a recurring vehicle theft pattern in this catchment.
899,100010001202600002,FIR,2026-02-15,1,1,1,3,Non-Heinous,Under Investigation,12.88484,77.66908,Chain Snatching reported in the jurisdiction.
900,100030015202600002,FIR,2026-02-15,15,3,2,6,Heinous,Undetected,15.7915,74.3759,Grievous Hurt reported in the jurisdiction.
901,100010002202600013,FIR,2026-02-15,2,1,1,4,Non-Heinous,Charge Sheeted,12.89337,77.51482,Vehicle Theft reported in the jurisdiction.
902,100010004202600027,FIR,2026-02-15,4,1,1,4,Non-Heinous,Under Investigation,12.96347,77.62422,Vehicle Theft reported in the jurisdiction.
903,100030015202600026,FIR,2026-02-15,15,3,2,8,Non-Heinous,Undetected,15.8123,74.39149,Assault reported in the jurisdiction.
904,100060027202600021,FIR,2026-02-16,27,6,2,7,Non-Heinous,Closed,13.36826,77.02248,Murder reported in the jurisdiction.
905,100040022202600034,FIR,2026-02-16,22,4,1,5,Non-Heinous,Closed,17.21084,76.78802,Robbery — accused matches pattern seen in other station records.
906,100060027202600016,FIR,2026-02-17,27,6,1,4,Non-Heinous,Closed,13.37566,77.03375,Vehicle Theft reported in the jurisdiction.
907,100010005202600023,FIR,2026-02-17,5,1,5,14,Non-Heinous,Under Investigation,12.8745,77.50178,Peddling reported in the jurisdiction.
908,100040022202600023,FIR,2026-02-17,22,4,1,4,Non-Heinous,Charge Sheeted,17.23073,76.78726,Vehicle Theft reported in the jurisdiction.
909,100010006202600026,FIR,2026-02-17,6,1,1,4,Non-Heinous,Charge Sheeted,12.92498,77.6246,Part of a recurring vehicle theft pattern in this catchment.
910,100050023202600029,FIR,2026-02-17,23,5,1,4,Non-Heinous,Charge Sheeted,12.8963,74.84771,Part of a recurring vehicle theft pattern in this catchment.
911,100010006202600028,FIR,2026-02-18,6,1,1,4,Non-Heinous,Charge Sheeted,12.91595,77.60611,Part of a recurring vehicle theft pattern in this catchment.
912,100020008202600004,FIR,2026-02-19,8,2,6,16,Non-Heinous,Under Investigation,12.30117,76.588,Public Nuisance reported in the jurisdiction.
913,100010006202600029,FIR,2026-02-19,6,1,1,4,Non-Heinous,Undetected,12.88758,77.6347,Part of a recurring vehicle theft pattern in this catchment.
914,100010005202600026,FIR,2026-02-20,5,1,1,1,Non-Heinous,Charge Sheeted,12.84741,77.5125,Theft reported in the jurisdiction.
915,100030013202600007,FIR,2026-02-21,13,3,2,6,Non-Heinous,Charge Sheeted,15.77202,74.47594,Grievous Hurt reported in the jurisdiction.
916,100040019202600020,FIR,2026-02-21,19,4,5,14,Non-Heinous,Closed,17.43085,76.86622,Peddling reported in the jurisdiction.
917,100010006202600027,FIR,2026-02-21,6,1,1,4,Non-Heinous,Charge Sheeted,12.91637,77.60627,Part of a recurring vehicle theft pattern in this catchment.
918,400020010202600001,Zero FIR,2026-02-22,10,2,5,14,Non-Heinous,Charge Sheeted,12.16763,76.71892,Peddling reported in the jurisdiction.
919,100030014202600018,FIR,2026-02-22,14,3,6,16,Non-Heinous,Under Investigation,15.7962,74.47079,Public Nuisance reported in the jurisdiction.
920,100010001202600013,FIR,2026-02-22,1,1,1,4,Non-Heinous,Closed,12.8682,77.65664,Vehicle Theft reported in the jurisdiction.
921,100020008202600016,FIR,2026-02-22,8,2,1,5,Non-Heinous,Closed,12.29731,76.57886,Robbery reported in the jurisdiction.
922,100020010202600009,FIR,2026-02-23,10,2,1,4,Non-Heinous,Undetected,12.15899,76.72955,Vehicle Theft reported in the jurisdiction.
923,100010001202600008,FIR,2026-02-23,1,1,6,15,Non-Heinous,Under Investigation,12.85846,77.66526,Rioting reported in the jurisdiction.
924,100030015202600028,FIR,2026-02-23,15,3,5,14,Non-Heinous,Closed,15.80847,74.40336,Peddling reported in the jurisdiction.
925,100050023202600005,FIR,2026-02-24,23,5,5,13,Non-Heinous,Undetected,12.88713,74.85132,Possession reported in the jurisdiction.
926,100040020202600006,FIR,2026-02-24,20,4,2,8,Non-Heinous,Closed,17.3648,76.70641,Assault reported in the jurisdiction.
927,100030016202600010,FIR,2026-02-24,16,3,2,8,Heinous,Under Investigation,15.85226,74.42206,Assault reported in the jurisdiction.
928,100060028202600014,FIR,2026-02-24,28,6,3,10,Non-Heinous,Charge Sheeted,13.3945,77.02975,Domestic Violence Complaint reported in the jurisdiction.
929,100010006202600015,FIR,2026-02-24,6,1,6,16,Non-Heinous,Closed,12.88806,77.6004,Public Nuisance reported in the jurisdiction.
930,100010006202600018,FIR,2026-02-24,6,1,2,7,Heinous,Charge Sheeted,12.8923,77.62076,Murder reported in the jurisdiction.
931,100060028202600019,FIR,2026-02-24,28,6,6,16,Non-Heinous,Charge Sheeted,13.38323,77.0215,Public Nuisance reported in the jurisdiction.
932,100010005202600024,FIR,2026-02-24,5,1,1,4,Non-Heinous,Charge Sheeted,12.85593,77.49723,Vehicle Theft reported in the jurisdiction.
933,100030014202600028,FIR,2026-02-24,14,3,6,15,Non-Heinous,Undetected,15.83471,74.45918,Rioting reported in the jurisdiction.
934,400010004202600002,Zero FIR,2026-02-24,4,1,1,2,Non-Heinous,Closed,12.98958,77.63588,Burglary / House-breaking — accused matches pattern seen in other station records.
935,100050026202600011,FIR,2026-02-25,26,5,5,14,Heinous,Closed,12.94783,74.8939,Peddling reported in the jurisdiction.
936,100040020202600018,FIR,2026-02-25,20,4,4,12,Non-Heinous,Undetected,17.39513,76.71553,Social Media Harassment reported in the jurisdiction.
937,100040019202600028,FIR,2026-02-25,19,4,1,5,Non-Heinous,Under Investigation,17.43295,76.83697,Robbery — accused matches pattern seen in other station records.
938,100010002202600002,FIR,2026-02-26,2,1,3,10,Non-Heinous,Under Investigation,12.89579,77.51375,Domestic Violence Complaint reported in the jurisdiction.
939,100040018202600002,FIR,2026-02-26,18,4,6,16,Non-Heinous,Under Investigation,17.40539,76.87634,Public Nuisance reported in the jurisdiction.
940,100030013202600011,FIR,2026-02-26,13,3,1,2,Non-Heinous,Under Investigation,15.76644,74.48788,Burglary / House-breaking reported in the jurisdiction.
941,100030016202600009,FIR,2026-02-26,16,3,5,14,Heinous,Charge Sheeted,15.84573,74.42536,Peddling reported in the jurisdiction.
942,100040022202600024,FIR,2026-02-26,22,4,2,7,Non-Heinous,Closed,17.22615,76.77121,Murder reported in the jurisdiction.
943,100050024202600016,FIR,2026-02-26,24,5,1,2,Non-Heinous,Closed,12.98857,74.77529,Burglary / House-breaking reported in the jurisdiction.
944,100030017202600023,FIR,2026-02-26,17,3,1,5,Non-Heinous,Undetected,15.93719,74.39418,Robbery — accused matches pattern seen in other station records.
945,100060028202600005,FIR,2026-02-27,28,6,4,12,Non-Heinous,Undetected,13.39908,77.0394,Social Media Harassment reported in the jurisdiction.
946,300020009202600001,PAR,2026-02-27,9,2,5,14,Heinous,Under Investigation,12.31222,76.71665,Peddling reported in the jurisdiction.
947,100020007202600018,FIR,2026-02-27,7,2,3,10,Heinous,Undetected,12.22353,76.67254,Domestic Violence Complaint reported in the jurisdiction.
948,100030014202600022,FIR,2026-02-27,14,3,1,4,Non-Heinous,Closed,15.82994,74.4671,Vehicle Theft reported in the jurisdiction.
949,200030016202600001,UDR,2026-02-28,16,3,5,13,Non-Heinous,Closed,15.83135,74.42509,Possession reported in the jurisdiction.
950,100030014202600029,FIR,2026-02-28,14,3,6,16,Non-Heinous,Under Investigation,15.81417,74.4588,Public Nuisance reported in the jurisdiction.
951,100020007202600006,FIR,2026-03-01,7,2,6,15,Non-Heinous,Charge Sheeted,12.21507,76.6876,Rioting reported in the jurisdiction.
952,100020011202600023,FIR,2026-03-01,11,2,2,6,Heinous,Under Investigation,12.3302,76.61581,Grievous Hurt reported in the jurisdiction.
953,100030016202600006,FIR,2026-03-02,16,3,2,7,Non-Heinous,Under Investigation,15.85823,74.41292,Murder reported in the jurisdiction.
954,100030013202600010,FIR,2026-03-03,13,3,5,14,Non-Heinous,Closed,15.75969,74.47364,Peddling reported in the jurisdiction.
955,100040021202600010,FIR,2026-03-03,21,4,1,4,Non-Heinous,Under Investigation,17.25556,76.78604,Vehicle Theft reported in the jurisdiction.
956,100010005202600004,FIR,2026-03-04,5,1,5,13,Heinous,Undetected,12.87527,77.4835,Possession reported in the jurisdiction.
957,100020008202600005,FIR,2026-03-04,8,2,1,4,Non-Heinous,Charge Sheeted,12.29736,76.57541,Vehicle Theft reported in the jurisdiction.
958,100060028202600029,FIR,2026-03-04,28,6,1,4,Non-Heinous,Charge Sheeted,13.38112,77.04701,Vehicle Theft — accused matches pattern seen in other station records.
959,100040022202600004,FIR,2026-03-05,22,4,1,5,Non-Heinous,Undetected,17.21181,76.7898,Robbery reported in the jurisdiction.
960,100020008202600003,FIR,2026-03-05,8,2,3,10,Heinous,Charge Sheeted,12.29101,76.55471,Domestic Violence Complaint reported in the jurisdiction.
961,100030016202600019,FIR,2026-03-05,16,3,4,12,Non-Heinous,Closed,15.85046,74.41755,Social Media Harassment reported in the jurisdiction.
962,100030016202600002,FIR,2026-03-06,16,3,1,2,Non-Heinous,Charge Sheeted,15.83913,74.41958,Burglary / House-breaking reported in the jurisdiction.
963,100030013202600016,FIR,2026-03-06,13,3,5,14,Heinous,Closed,15.77283,74.47395,Peddling reported in the jurisdiction.
964,100010004202600026,FIR,2026-03-06,4,1,6,16,Non-Heinous,Under Investigation,12.97145,77.62085,Public Nuisance reported in the jurisdiction.
965,100040019202600018,FIR,2026-03-07,19,4,6,16,Non-Heinous,Charge Sheeted,17.43421,76.83695,Public Nuisance reported in the jurisdiction.
966,100040020202600021,FIR,2026-03-07,20,4,1,3,Non-Heinous,Charge Sheeted,17.359,76.70914,Chain Snatching reported in the jurisdiction.
967,100010006202600031,FIR,2026-03-07,6,1,1,4,Non-Heinous,Undetected,12.89452,77.623,Part of a recurring vehicle theft pattern in this catchment.
968,100050023202600002,FIR,2026-03-08,23,5,2,8,Heinous,Under Investigation,12.89348,74.82486,Assault reported in the jurisdiction.
969,100060028202600015,FIR,2026-03-08,28,6,6,15,Non-Heinous,Charge Sheeted,13.40395,77.02909,Rioting reported in the jurisdiction.
970,100040021202600023,FIR,2026-03-08,21,4,1,5,Non-Heinous,Charge Sheeted,17.24807,76.78165,Robbery reported in the jurisdiction.
971,100020012202600018,FIR,2026-03-08,12,2,5,14,Non-Heinous,Under Investigation,12.19909,76.75954,Peddling reported in the jurisdiction.
972,100030013202600030,FIR,2026-03-08,13,3,5,14,Heinous,Undetected,15.76988,74.45876,Peddling reported in the jurisdiction.
973,100040021202600001,FIR,2026-03-09,21,4,2,7,Non-Heinous,Closed,17.25354,76.77731,Murder reported in the jurisdiction.
974,400020010202600002,Zero FIR,2026-03-09,10,2,4,12,Non-Heinous,Under Investigation,12.18166,76.70742,Social Media Harassment reported in the jurisdiction.
975,100010006202600030,FIR,2026-03-09,6,1,1,4,Non-Heinous,Under Investigation,12.92057,77.61923,Part of a recurring vehicle theft pattern in this catchment.
976,100050023202600003,FIR,2026-03-10,23,5,1,4,Non-Heinous,Under Investigation,12.87527,74.83865,Vehicle Theft reported in the jurisdiction.
977,100030017202600005,FIR,2026-03-10,17,3,3,10,Non-Heinous,Charge Sheeted,15.94358,74.39318,Domestic Violence Complaint reported in the jurisdiction.
978,100040022202600020,FIR,2026-03-10,22,4,3,10,Heinous,Closed,17.24419,76.76351,Domestic Violence Complaint reported in the jurisdiction.
979,100040022202600029,FIR,2026-03-10,22,4,3,10,Heinous,Under Investigation,17.21501,76.76063,Domestic Violence Complaint reported in the jurisdiction.
980,100030013202600029,FIR,2026-03-10,13,3,2,6,Non-Heinous,Under Investigation,15.77034,74.45446,Grievous Hurt reported in the jurisdiction.
981,100020012202600023,FIR,2026-03-10,12,2,1,5,Non-Heinous,Under Investigation,12.2004,76.73351,Robbery — accused matches pattern seen in other station records.
982,100040022202600009,FIR,2026-03-11,22,4,3,10,Heinous,Charge Sheeted,17.24545,76.78978,Domestic Violence Complaint reported in the jurisdiction.
983,100030014202600016,FIR,2026-03-11,14,3,1,4,Non-Heinous,Charge Sheeted,15.82836,74.4509,Vehicle Theft reported in the jurisdiction.
984,100050025202600025,FIR,2026-03-11,25,5,5,14,Non-Heinous,Under Investigation,12.89693,74.88583,Peddling reported in the jurisdiction.
985,100040022202600033,FIR,2026-03-12,22,4,1,1,Non-Heinous,Charge Sheeted,17.23937,76.76098,Theft — accused matches pattern seen in other station records.
986,100020010202600001,FIR,2026-03-13,10,2,3,10,Non-Heinous,Charge Sheeted,12.18491,76.72079,Domestic Violence Complaint reported in the jurisdiction.
987,100030016202600004,FIR,2026-03-13,16,3,4,12,Non-Heinous,Under Investigation,15.82875,74.42402,Social Media Harassment reported in the jurisdiction.
988,100020007202600009,FIR,2026-03-13,7,2,1,3,Non-Heinous,Under Investigation,12.22643,76.68588,Chain Snatching reported in the jurisdiction.
989,100060029202600007,FIR,2026-03-13,29,6,2,8,Heinous,Under Investigation,13.30494,77.24331,Assault reported in the jurisdiction.
990,100030016202600017,FIR,2026-03-13,16,3,5,13,Heinous,Closed,15.84939,74.40851,Possession reported in the jurisdiction.
991,100030015202600022,FIR,2026-03-13,15,3,6,15,Non-Heinous,Under Investigation,15.79193,74.3984,Rioting reported in the jurisdiction.
992,100030014202600031,FIR,2026-03-13,14,3,1,4,Non-Heinous,Closed,15.80874,74.45482,Vehicle Theft — accused matches pattern seen in other station records.
993,100060029202600020,FIR,2026-03-13,29,6,1,5,Non-Heinous,Charge Sheeted,13.29184,77.23044,Robbery — accused matches pattern seen in other station records.
994,100050024202600018,FIR,2026-03-14,24,5,3,9,Non-Heinous,Charge Sheeted,13.00705,74.76868,Molestation reported in the jurisdiction.
995,100010005202600001,FIR,2026-03-15,5,1,3,10,Non-Heinous,Under Investigation,12.85206,77.50624,Domestic Violence Complaint reported in the jurisdiction.
996,100060029202600004,FIR,2026-03-15,29,6,2,7,Non-Heinous,Under Investigation,13.32243,77.24725,Murder reported in the jurisdiction.
997,100020011202600008,FIR,2026-03-15,11,2,2,6,Non-Heinous,Under Investigation,12.32593,76.60073,Grievous Hurt reported in the jurisdiction.
998,100040020202600008,FIR,2026-03-15,20,4,2,7,Non-Heinous,Under Investigation,17.36955,76.72857,Murder reported in the jurisdiction.
999,100040018202600015,FIR,2026-03-15,18,4,4,12,Non-Heinous,Under Investigation,17.40688,76.84881,Social Media Harassment reported in the jurisdiction.
1000,100020007202600023,FIR,2026-03-15,7,2,1,4,Non-Heinous,Under Investigation,12.21286,76.67261,Vehicle Theft reported in the jurisdiction.
1001,100030014202600030,FIR,2026-03-15,14,3,2,8,Non-Heinous,Closed,15.79656,74.46612,Assault reported in the jurisdiction.
1002,100020010202600008,FIR,2026-03-16,10,2,5,14,Heinous,Under Investigation,12.1906,76.7046,Peddling reported in the jurisdiction.
1003,100030013202600013,FIR,2026-03-16,13,3,3,9,Non-Heinous,Under Investigation,15.76854,74.45472,Molestation reported in the jurisdiction.
1004,100010006202600012,FIR,2026-03-16,6,1,1,4,Non-Heinous,Under Investigation,12.90378,77.63235,Vehicle Theft reported in the jurisdiction.
1005,100050023202600013,FIR,2026-03-16,23,5,2,8,Non-Heinous,Under Investigation,12.88232,74.84519,Assault reported in the jurisdiction.
1006,100050025202600021,FIR,2026-03-16,25,5,5,14,Non-Heinous,Charge Sheeted,12.86936,74.91677,Peddling reported in the jurisdiction.
1007,100010003202600015,FIR,2026-03-16,3,1,2,8,Non-Heinous,Undetected,12.88881,77.64655,Assault reported in the jurisdiction.
1008,100020009202600001,FIR,2026-03-17,9,2,3,9,Heinous,Closed,12.3217,76.72142,Molestation reported in the jurisdiction.
1009,100050025202600010,FIR,2026-03-17,25,5,1,5,Non-Heinous,Under Investigation,12.88157,74.90059,Robbery reported in the jurisdiction.
1010,100030014202600014,FIR,2026-03-17,14,3,5,13,Heinous,Charge Sheeted,15.79987,74.44353,Possession reported in the jurisdiction.
1011,100010004202600019,FIR,2026-03-17,4,1,2,8,Heinous,Under Investigation,12.96633,77.63162,Assault reported in the jurisdiction.
1012,100010004202600028,FIR,2026-03-17,4,1,3,10,Non-Heinous,Closed,12.99586,77.59807,Domestic Violence Complaint reported in the jurisdiction.
1013,100040021202600024,FIR,2026-03-17,21,4,6,16,Non-Heinous,Undetected,17.25575,76.77854,Public Nuisance reported in the jurisdiction.
1014,100040021202600007,FIR,2026-03-18,21,4,4,11,Non-Heinous,Charge Sheeted,17.25796,76.77816,Online Financial Fraud reported in the jurisdiction.
1015,100010005202600018,FIR,2026-03-18,5,1,4,11,Non-Heinous,Charge Sheeted,12.8639,77.50082,Online Financial Fraud reported in the jurisdiction.
1016,100040021202600002,FIR,2026-03-19,21,4,1,3,Non-Heinous,Charge Sheeted,17.2481,76.79273,Chain Snatching reported in the jurisdiction.
1017,100060029202600001,FIR,2026-03-19,29,6,2,7,Non-Heinous,Under Investigation,13.30452,77.24298,Murder reported in the jurisdiction.
1018,100030015202600010,FIR,2026-03-19,15,3,4,11,Non-Heinous,Closed,15.79592,74.39191,Online Financial Fraud reported in the jurisdiction.
1019,100060027202600011,FIR,2026-03-19,27,6,2,8,Heinous,Charge Sheeted,13.37975,77.05246,Assault reported in the jurisdiction.
1020,100040020202600014,FIR,2026-03-19,20,4,2,7,Heinous,Charge Sheeted,17.3809,76.70592,Murder reported in the jurisdiction.
1021,100030016202600015,FIR,2026-03-20,16,3,4,12,Non-Heinous,Under Investigation,15.82637,74.42406,Social Media Harassment reported in the jurisdiction.
1022,100030014202600032,FIR,2026-03-20,14,3,1,2,Non-Heinous,Under Investigation,15.798,74.46255,Burglary / House-breaking — accused matches pattern seen in other station records.
1023,100030013202600002,FIR,2026-03-21,13,3,3,10,Heinous,Under Investigation,15.73663,74.46646,Domestic Violence Complaint reported in the jurisdiction.
1024,100050026202600006,FIR,2026-03-21,26,5,1,2,Non-Heinous,Undetected,12.95916,74.90261,Burglary / House-breaking reported in the jurisdiction.
1025,100010002202600003,FIR,2026-03-21,2,1,2,8,Non-Heinous,Undetected,12.92107,77.51209,Assault reported in the jurisdiction.
1026,100040019202600004,FIR,2026-03-21,19,4,6,16,Non-Heinous,Under Investigation,17.39969,76.85686,Public Nuisance reported in the jurisdiction.
1027,100010001202600003,FIR,2026-03-21,1,1,6,16,Non-Heinous,Closed,12.87709,77.66192,Public Nuisance reported in the jurisdiction.
1028,100040019202600005,FIR,2026-03-21,19,4,1,1,Non-Heinous,Charge Sheeted,17.40205,76.86099,Theft reported in the jurisdiction.
1029,100030017202600006,FIR,2026-03-21,17,3,5,14,Non-Heinous,Charge Sheeted,15.95082,74.38559,Peddling reported in the jurisdiction.
1030,100030017202600007,FIR,2026-03-21,17,3,1,3,Non-Heinous,Charge Sheeted,15.95179,74.38348,Chain Snatching reported in the jurisdiction.
1031,100040019202600009,FIR,2026-03-21,19,4,4,11,Non-Heinous,Closed,17.42421,76.86567,Online Financial Fraud reported in the jurisdiction.
1032,100050024202600011,FIR,2026-03-21,24,5,1,2,Non-Heinous,Undetected,12.99793,74.76665,Burglary / House-breaking reported in the jurisdiction.
1033,100030017202600013,FIR,2026-03-21,17,3,1,3,Non-Heinous,Undetected,15.93706,74.38323,Chain Snatching reported in the jurisdiction.
1034,100060029202600016,FIR,2026-03-21,29,6,5,13,Heinous,Under Investigation,13.31539,77.23492,Possession reported in the jurisdiction.
1035,100050025202600029,FIR,2026-03-21,25,5,2,6,Non-Heinous,Under Investigation,12.89927,74.9011,Grievous Hurt reported in the jurisdiction.
1036,100050023202600031,FIR,2026-03-21,23,5,1,3,Non-Heinous,Closed,12.90283,74.86341,Chain Snatching — accused matches pattern seen in other station records.
1037,100040021202600003,FIR,2026-03-22,21,4,5,14,Heinous,Undetected,17.27222,76.80096,Peddling reported in the jurisdiction.
1038,400040020202600002,Zero FIR,2026-03-22,20,4,3,9,Heinous,Charge Sheeted,17.36306,76.73331,Molestation reported in the jurisdiction.
1039,100050026202600004,FIR,2026-03-23,26,5,3,10,Heinous,Closed,12.94379,74.91999,Domestic Violence Complaint reported in the jurisdiction.
1040,100030014202600005,FIR,2026-03-23,14,3,5,14,Non-Heinous,Undetected,15.81651,74.46754,Peddling reported in the jurisdiction.
1041,100010005202600007,FIR,2026-03-23,5,1,6,15,Non-Heinous,Under Investigation,12.8785,77.4914,Rioting reported in the jurisdiction.
1042,100030017202600012,FIR,2026-03-23,17,3,1,5,Non-Heinous,Closed,15.93464,74.41177,Robbery reported in the jurisdiction.
1043,100050026202600025,FIR,2026-03-23,26,5,6,15,Non-Heinous,Under Investigation,12.95427,74.88421,Rioting reported in the jurisdiction.
1044,100010002202600004,FIR,2026-03-24,2,1,2,7,Heinous,Under Investigation,12.89413,77.51473,Murder reported in the jurisdiction.
1045,100010005202600005,FIR,2026-03-24,5,1,3,10,Heinous,Under Investigation,12.87336,77.51596,Domestic Violence Complaint reported in the jurisdiction.
1046,100020008202600006,FIR,2026-03-25,8,2,2,6,Non-Heinous,Closed,12.29104,76.57647,Grievous Hurt reported in the jurisdiction.
1047,100060027202600013,FIR,2026-03-25,27,6,3,9,Heinous,Under Investigation,13.34851,77.04057,Molestation reported in the jurisdiction.
1048,100010006202600011,FIR,2026-03-25,6,1,2,6,Heinous,Closed,12.89569,77.61107,Grievous Hurt reported in the jurisdiction.
1049,100010002202600017,FIR,2026-03-25,2,1,1,5,Non-Heinous,Charge Sheeted,12.91665,77.50428,Robbery reported in the jurisdiction.
1050,100020008202600017,FIR,2026-03-25,8,2,2,7,Non-Heinous,Closed,12.30632,76.582,Murder reported in the jurisdiction.
1051,100020011202600021,FIR,2026-03-25,11,2,2,6,Heinous,Charge Sheeted,12.35724,76.60135,Grievous Hurt reported in the jurisdiction.
1052,100050025202600002,FIR,2026-03-26,25,5,6,16,Non-Heinous,Charge Sheeted,12.88976,74.8948,Public Nuisance reported in the jurisdiction.
1053,100010004202600012,FIR,2026-03-26,4,1,4,12,Non-Heinous,Under Investigation,12.99531,77.62447,Social Media Harassment reported in the jurisdiction.
1054,100030013202600012,FIR,2026-03-26,13,3,6,15,Non-Heinous,Under Investigation,15.73991,74.4789,Rioting reported in the jurisdiction.
1055,100060030202600007,FIR,2026-03-26,30,6,1,5,Non-Heinous,Closed,13.37149,77.13151,Robbery reported in the jurisdiction.
1056,100030017202600019,FIR,2026-03-26,17,3,5,13,Non-Heinous,Under Investigation,15.96612,74.39175,Possession reported in the jurisdiction.
1057,100010003202600006,FIR,2026-03-27,3,1,4,12,Non-Heinous,Undetected,12.8776,77.66509,Social Media Harassment reported in the jurisdiction.
1058,100060030202600021,FIR,2026-03-27,30,6,6,15,Non-Heinous,Undetected,13.38555,77.14237,Rioting reported in the jurisdiction.
1059,100010004202600032,FIR,2026-03-27,4,1,6,15,Non-Heinous,Undetected,12.97173,77.6026,Rioting reported in the jurisdiction.
1060,100030013202600014,FIR,2026-03-28,13,3,1,4,Non-Heinous,Under Investigation,15.7374,74.44931,Vehicle Theft reported in the jurisdiction.
1061,100040019202600023,FIR,2026-03-28,19,4,6,16,Non-Heinous,Closed,17.42537,76.87167,Public Nuisance reported in the jurisdiction.
1062,300060030202600001,PAR,2026-03-28,30,6,4,12,Non-Heinous,Undetected,13.3856,77.15059,Social Media Harassment reported in the jurisdiction.
1063,100020011202600009,FIR,2026-03-29,11,2,1,5,Non-Heinous,Closed,12.36,76.58123,Robbery reported in the jurisdiction.
1064,100030014202600007,FIR,2026-03-29,14,3,4,12,Non-Heinous,Charge Sheeted,15.80762,74.4415,Social Media Harassment reported in the jurisdiction.
1065,100060028202600018,FIR,2026-03-29,28,6,6,15,Non-Heinous,Undetected,13.39765,77.05364,Rioting reported in the jurisdiction.
1066,100040019202600025,FIR,2026-03-29,19,4,6,15,Non-Heinous,Charge Sheeted,17.40766,76.85337,Rioting reported in the jurisdiction.
1067,100030013202600025,FIR,2026-03-29,13,3,1,4,Non-Heinous,Closed,15.76112,74.46389,Vehicle Theft reported in the jurisdiction.
1068,100060027202600001,FIR,2026-03-30,27,6,6,16,Non-Heinous,Charge Sheeted,13.36614,77.03371,Public Nuisance reported in the jurisdiction.
1069,100060030202600003,FIR,2026-03-30,30,6,2,8,Non-Heinous,Closed,13.39137,77.14854,Assault reported in the jurisdiction.
1070,100040021202600014,FIR,2026-03-30,21,4,1,4,Non-Heinous,Charge Sheeted,17.27169,76.78938,Vehicle Theft reported in the jurisdiction.
1071,100050024202600004,FIR,2026-03-31,24,5,1,5,Non-Heinous,Under Investigation,12.98135,74.77502,Robbery reported in the jurisdiction.
1072,100030016202600001,FIR,2026-04-01,16,3,2,8,Heinous,Closed,15.83959,74.41938,Assault reported in the jurisdiction.
1073,100020007202600012,FIR,2026-04-01,7,2,5,14,Heinous,Charge Sheeted,12.24154,76.65927,Peddling reported in the jurisdiction.
1074,100040018202600011,FIR,2026-04-01,18,4,5,13,Non-Heinous,Undetected,17.39429,76.86689,Possession reported in the jurisdiction.
1075,100030016202600014,FIR,2026-04-01,16,3,1,1,Non-Heinous,Undetected,15.83087,74.41611,Theft reported in the jurisdiction.
1076,100040020202600017,FIR,2026-04-01,20,4,2,7,Non-Heinous,Under Investigation,17.39217,76.72115,Murder reported in the jurisdiction.
1077,100030013202600006,FIR,2026-04-02,13,3,5,14,Non-Heinous,Closed,15.73574,74.45686,Peddling reported in the jurisdiction.
1078,100030017202600003,FIR,2026-04-02,17,3,5,14,Non-Heinous,Under Investigation,15.93235,74.3905,Peddling reported in the jurisdiction.
1079,100010002202600021,FIR,2026-04-02,2,1,2,7,Heinous,Closed,12.90802,77.50647,Murder reported in the jurisdiction.
1080,100040022202600012,FIR,2026-04-03,22,4,1,5,Non-Heinous,Under Investigation,17.23625,76.77724,Robbery reported in the jurisdiction.
1081,100010005202600022,FIR,2026-04-03,5,1,1,1,Non-Heinous,Under Investigation,12.84527,77.50084,Theft reported in the jurisdiction.
1082,100010006202600017,FIR,2026-04-03,6,1,3,9,Heinous,Under Investigation,12.89514,77.60258,Molestation reported in the jurisdiction.
1083,100040018202600006,FIR,2026-04-04,18,4,2,6,Non-Heinous,Under Investigation,17.40239,76.8753,Grievous Hurt reported in the jurisdiction.
1084,100060029202600015,FIR,2026-04-04,29,6,5,13,Heinous,Charge Sheeted,13.31031,77.23623,Possession reported in the jurisdiction.
1085,100010001202600014,FIR,2026-04-04,1,1,3,9,Heinous,Charge Sheeted,12.8694,77.6627,Molestation reported in the jurisdiction.
1086,100040022202600026,FIR,2026-04-04,22,4,5,14,Non-Heinous,Under Investigation,17.24074,76.75347,Peddling reported in the jurisdiction.
1087,100030016202600022,FIR,2026-04-04,16,3,6,16,Non-Heinous,Under Investigation,15.8207,74.39566,Public Nuisance reported in the jurisdiction.
1088,100040019202600026,FIR,2026-04-04,19,4,6,15,Non-Heinous,Charge Sheeted,17.40138,76.84719,Rioting reported in the jurisdiction.
1089,100020009202600012,FIR,2026-04-05,9,2,4,11,Non-Heinous,Under Investigation,12.30777,76.70551,Online Financial Fraud reported in the jurisdiction.
1090,100010002202600015,FIR,2026-04-05,2,1,5,13,Non-Heinous,Undetected,12.90409,77.50497,Possession reported in the jurisdiction.
1091,100030013202600026,FIR,2026-04-05,13,3,5,14,Heinous,Closed,15.73923,74.46366,Peddling reported in the jurisdiction.
1092,100030016202600028,FIR,2026-04-05,16,3,6,16,Non-Heinous,Under Investigation,15.8511,74.3986,Public Nuisance reported in the jurisdiction.
1093,100050024202600005,FIR,2026-04-06,24,5,6,15,Non-Heinous,Closed,13.00868,74.77845,Rioting reported in the jurisdiction.
1094,100010004202600022,FIR,2026-04-06,4,1,2,7,Non-Heinous,Charge Sheeted,12.97156,77.61422,Murder reported in the jurisdiction.
1095,100050026202600020,FIR,2026-04-06,26,5,1,1,Non-Heinous,Under Investigation,12.94564,74.89829,Theft reported in the jurisdiction.
1096,100010004202600031,FIR,2026-04-06,4,1,4,12,Non-Heinous,Under Investigation,12.98289,77.62111,Social Media Harassment reported in the jurisdiction.
1097,400020012202600001,Zero FIR,2026-04-07,12,2,6,15,Non-Heinous,Closed,12.20082,76.74969,Rioting reported in the jurisdiction.
1098,100030014202600020,FIR,2026-04-07,14,3,2,7,Heinous,Closed,15.81614,74.4438,Murder reported in the jurisdiction.
1099,100040020202600019,FIR,2026-04-07,20,4,3,10,Heinous,Under Investigation,17.37886,76.73144,Domestic Violence Complaint reported in the jurisdiction.
1100,100060030202600019,FIR,2026-04-07,30,6,1,1,Non-Heinous,Closed,13.35633,77.15052,Theft reported in the jurisdiction.
1101,400020007202600001,Zero FIR,2026-04-08,7,2,2,6,Heinous,Undetected,12.21747,76.69019,Grievous Hurt reported in the jurisdiction.
1102,100020012202600011,FIR,2026-04-08,12,2,2,8,Heinous,Closed,12.19651,76.7316,Assault reported in the jurisdiction.
1103,100020009202600010,FIR,2026-04-09,9,2,1,3,Non-Heinous,Charge Sheeted,12.31374,76.72731,Chain Snatching reported in the jurisdiction.
1104,100010001202600006,FIR,2026-04-09,1,1,1,3,Non-Heinous,Under Investigation,12.89136,77.66948,Chain Snatching reported in the jurisdiction.
1105,100060030202600016,FIR,2026-04-09,30,6,2,6,Heinous,Closed,13.35766,77.13907,Grievous Hurt reported in the jurisdiction.
1106,100050025202600014,FIR,2026-04-10,25,5,1,4,Non-Heinous,Undetected,12.86638,74.91305,Vehicle Theft reported in the jurisdiction.
1107,100030015202600018,FIR,2026-04-10,15,3,2,6,Non-Heinous,Charge Sheeted,15.80764,74.37453,Grievous Hurt reported in the jurisdiction.
1108,100010004202600011,FIR,2026-04-11,4,1,6,15,Non-Heinous,Closed,12.99285,77.63167,Rioting reported in the jurisdiction.
1109,100020012202600002,FIR,2026-04-11,12,2,6,16,Non-Heinous,Under Investigation,12.21637,76.75465,Public Nuisance reported in the jurisdiction.
1110,100030013202600024,FIR,2026-04-11,13,3,1,5,Non-Heinous,Closed,15.7594,74.47886,Robbery reported in the jurisdiction.
1111,100040020202600025,FIR,2026-04-11,20,4,3,10,Heinous,Under Investigation,17.36152,76.71029,Domestic Violence Complaint reported in the jurisdiction.
1112,100060029202600019,FIR,2026-04-11,29,6,5,13,Heinous,Charge Sheeted,13.30218,77.23454,Possession reported in the jurisdiction.
1113,100030013202600001,FIR,2026-04-12,13,3,2,8,Heinous,Undetected,15.73995,74.46733,Assault reported in the jurisdiction.
1114,100020007202600010,FIR,2026-04-12,7,2,1,1,Non-Heinous,Charge Sheeted,12.21566,76.69358,Theft reported in the jurisdiction.
1115,100050026202600015,FIR,2026-04-12,26,5,6,15,Non-Heinous,Charge Sheeted,12.97062,74.88732,Rioting reported in the jurisdiction.
1116,100010004202600005,FIR,2026-04-13,4,1,2,8,Heinous,Closed,12.96533,77.63187,Assault reported in the jurisdiction.
1117,100040022202600007,FIR,2026-04-13,22,4,2,7,Non-Heinous,Closed,17.21824,76.75985,Murder reported in the jurisdiction.
1118,100040020202600005,FIR,2026-04-13,20,4,2,6,Heinous,Closed,17.36232,76.73836,Grievous Hurt reported in the jurisdiction.
1119,300010002202600001,PAR,2026-04-13,2,1,6,16,Non-Heinous,Under Investigation,12.90722,77.49305,Public Nuisance reported in the jurisdiction.
1120,100040022202600022,FIR,2026-04-13,22,4,6,15,Non-Heinous,Under Investigation,17.22568,76.76729,Rioting reported in the jurisdiction.
1121,100060028202600024,FIR,2026-04-13,28,6,2,8,Heinous,Charge Sheeted,13.41244,77.0488,Assault reported in the jurisdiction.
1122,100050023202600006,FIR,2026-04-14,23,5,3,10,Non-Heinous,Charge Sheeted,12.89167,74.84013,Domestic Violence Complaint reported in the jurisdiction.
1123,100020011202600010,FIR,2026-04-14,11,2,3,10,Heinous,Undetected,12.33298,76.59679,Domestic Violence Complaint reported in the jurisdiction.
1124,100010004202600021,FIR,2026-04-14,4,1,3,10,Non-Heinous,Charge Sheeted,13.00223,77.63526,Domestic Violence Complaint reported in the jurisdiction.
1125,100010002202600026,FIR,2026-04-14,2,1,1,3,Non-Heinous,Charge Sheeted,12.90595,77.51462,Chain Snatching reported in the jurisdiction.
1126,100020010202600002,FIR,2026-04-15,10,2,5,13,Non-Heinous,Charge Sheeted,12.19601,76.72548,Possession reported in the jurisdiction.
1127,100020010202600005,FIR,2026-04-15,10,2,2,7,Heinous,Undetected,12.17572,76.70087,Murder reported in the jurisdiction.
1128,100020012202600004,FIR,2026-04-15,12,2,6,15,Non-Heinous,Undetected,12.23122,76.74995,Rioting reported in the jurisdiction.
1129,100020012202600007,FIR,2026-04-15,12,2,3,10,Non-Heinous,Under Investigation,12.22388,76.73533,Domestic Violence Complaint reported in the jurisdiction.
1130,100040019202600017,FIR,2026-04-15,19,4,1,2,Non-Heinous,Charge Sheeted,17.43307,76.86935,Burglary / House-breaking reported in the jurisdiction.
1131,100050023202600014,FIR,2026-04-15,23,5,4,12,Non-Heinous,Under Investigation,12.86933,74.85269,Social Media Harassment reported in the jurisdiction.
1132,100020012202600016,FIR,2026-04-15,12,2,6,15,Non-Heinous,Under Investigation,12.2202,76.73129,Rioting reported in the jurisdiction.
1133,100030013202600032,FIR,2026-04-15,13,3,2,6,Non-Heinous,Under Investigation,15.74967,74.47843,Grievous Hurt reported in the jurisdiction.
1134,100060028202600001,FIR,2026-04-16,28,6,3,9,Heinous,Under Investigation,13.4091,77.05036,Molestation reported in the jurisdiction.
1135,100020011202600002,FIR,2026-04-16,11,2,1,3,Non-Heinous,Under Investigation,12.32492,76.60936,Chain Snatching reported in the jurisdiction.
1136,100030014202600012,FIR,2026-04-16,14,3,1,2,Non-Heinous,Under Investigation,15.80894,74.4618,Burglary / House-breaking reported in the jurisdiction.
1137,100060029202600011,FIR,2026-04-16,29,6,1,3,Non-Heinous,Undetected,13.30146,77.24325,Chain Snatching reported in the jurisdiction.
1138,100010003202600011,FIR,2026-04-16,3,1,4,12,Non-Heinous,Under Investigation,12.85904,77.67056,Social Media Harassment reported in the jurisdiction.
1139,100040020202600028,FIR,2026-04-16,20,4,4,11,Non-Heinous,Undetected,17.37032,76.72316,Online Financial Fraud reported in the jurisdiction.
1140,100020008202600020,FIR,2026-04-16,8,2,6,16,Non-Heinous,Charge Sheeted,12.30467,76.572,Public Nuisance reported in the jurisdiction.
1141,100020009202600007,FIR,2026-04-17,9,2,1,2,Non-Heinous,Charge Sheeted,12.32295,76.70979,Burglary / House-breaking reported in the jurisdiction.
1142,100050024202600013,FIR,2026-04-17,24,5,3,9,Non-Heinous,Undetected,13.00022,74.76697,Molestation reported in the jurisdiction.
1143,100020007202600020,FIR,2026-04-17,7,2,3,9,Heinous,Under Investigation,12.21539,76.68503,Molestation reported in the jurisdiction.
1144,100020007202600022,FIR,2026-04-17,7,2,3,10,Non-Heinous,Closed,12.24125,76.68258,Domestic Violence Complaint reported in the jurisdiction.
1145,100050023202600018,FIR,2026-04-17,23,5,5,14,Non-Heinous,Closed,12.90421,74.82947,Peddling reported in the jurisdiction.
1146,100040019202600010,FIR,2026-04-18,19,4,4,12,Non-Heinous,Undetected,17.40308,76.84137,Social Media Harassment reported in the jurisdiction.
1147,100040021202600020,FIR,2026-04-18,21,4,2,6,Heinous,Under Investigation,17.25784,76.80079,Grievous Hurt reported in the jurisdiction.
1148,100040022202600001,FIR,2026-04-19,22,4,2,7,Non-Heinous,Charge Sheeted,17.2449,76.78201,Murder reported in the jurisdiction.
1149,100010001202600015,FIR,2026-04-19,1,1,3,9,Non-Heinous,Closed,12.87448,77.65764,Molestation reported in the jurisdiction.
1150,100010002202600025,FIR,2026-04-19,2,1,1,3,Non-Heinous,Under Investigation,12.92947,77.49789,Chain Snatching reported in the jurisdiction.
1151,100010002202600008,FIR,2026-04-20,2,1,6,15,Non-Heinous,Under Investigation,12.90741,77.50679,Rioting reported in the jurisdiction.
1152,100040021202600015,FIR,2026-04-20,21,4,4,12,Non-Heinous,Charge Sheeted,17.25376,76.77994,Social Media Harassment reported in the jurisdiction.
1153,100010005202600025,FIR,2026-04-20,5,1,6,16,Non-Heinous,Charge Sheeted,12.86152,77.49861,Public Nuisance reported in the jurisdiction.
1154,100050025202600027,FIR,2026-04-20,25,5,3,10,Heinous,Charge Sheeted,12.88277,74.88145,Domestic Violence Complaint reported in the jurisdiction.
1155,100020011202600001,FIR,2026-04-21,11,2,1,3,Non-Heinous,Charge Sheeted,12.35011,76.58963,Chain Snatching reported in the jurisdiction.
1156,100060030202600002,FIR,2026-04-21,30,6,1,3,Non-Heinous,Charge Sheeted,13.37662,77.14156,Chain Snatching reported in the jurisdiction.
1157,100040022202600011,FIR,2026-04-21,22,4,6,16,Non-Heinous,Charge Sheeted,17.21637,76.78962,Public Nuisance reported in the jurisdiction.
1158,100020010202600011,FIR,2026-04-21,10,2,2,6,Non-Heinous,Charge Sheeted,12.1921,76.71295,Grievous Hurt reported in the jurisdiction.
1159,100030017202600022,FIR,2026-04-21,17,3,1,5,Non-Heinous,Closed,15.96,74.39571,Robbery reported in the jurisdiction.
1160,100010002202600006,FIR,2026-04-22,2,1,5,13,Non-Heinous,Under Investigation,12.92887,77.49568,Possession reported in the jurisdiction.
1161,100020008202600018,FIR,2026-04-22,8,2,3,9,Heinous,Under Investigation,12.30064,76.56083,Molestation reported in the jurisdiction.
1162,400040019202600001,Zero FIR,2026-04-23,19,4,2,7,Heinous,Closed,17.39925,76.83647,Murder reported in the jurisdiction.
1163,100020007202600008,FIR,2026-04-23,7,2,4,12,Non-Heinous,Charge Sheeted,12.2224,76.66379,Social Media Harassment reported in the jurisdiction.
1164,100040022202600016,FIR,2026-04-23,22,4,4,11,Non-Heinous,Closed,17.24013,76.76723,Online Financial Fraud reported in the jurisdiction.
1165,100020012202600010,FIR,2026-04-23,12,2,1,5,Non-Heinous,Undetected,12.22682,76.73118,Robbery reported in the jurisdiction.
1166,100030014202600026,FIR,2026-04-23,14,3,6,16,Non-Heinous,Charge Sheeted,15.82083,74.4734,Public Nuisance reported in the jurisdiction.
1167,100020010202600020,FIR,2026-04-23,10,2,1,4,Non-Heinous,Closed,12.19502,76.72516,Vehicle Theft — accused matches pattern seen in other station records.
1168,100020010202600004,FIR,2026-04-24,10,2,6,15,Non-Heinous,Undetected,12.17087,76.72832,Rioting reported in the jurisdiction.
1169,100040021202600013,FIR,2026-04-24,21,4,2,8,Heinous,Under Investigation,17.28028,76.79403,Assault reported in the jurisdiction.
1170,100010003202600010,FIR,2026-04-24,3,1,6,16,Non-Heinous,Closed,12.8927,77.65303,Public Nuisance reported in the jurisdiction.
1171,100040018202600009,FIR,2026-04-25,18,4,5,13,Heinous,Charge Sheeted,17.40447,76.86582,Possession reported in the jurisdiction.
1172,100010001202600007,FIR,2026-04-25,1,1,1,3,Non-Heinous,Charge Sheeted,12.87568,77.63715,Chain Snatching reported in the jurisdiction.
1173,100060030202600012,FIR,2026-04-25,30,6,1,4,Non-Heinous,Undetected,13.37105,77.11114,Vehicle Theft reported in the jurisdiction.
1174,100010006202600013,FIR,2026-04-25,6,1,6,15,Non-Heinous,Charge Sheeted,12.90631,77.63026,Rioting reported in the jurisdiction.
1175,100040020202600020,FIR,2026-04-25,20,4,5,14,Heinous,Closed,17.38347,76.71582,Peddling reported in the jurisdiction.
1176,100040020202600029,FIR,2026-04-25,20,4,1,3,Non-Heinous,Closed,17.38357,76.72014,Chain Snatching — accused matches pattern seen in other station records.
1177,100040022202600003,FIR,2026-04-26,22,4,5,13,Non-Heinous,Under Investigation,17.2255,76.75614,Possession reported in the jurisdiction.
1178,100030014202600027,FIR,2026-04-26,14,3,1,2,Non-Heinous,Closed,15.8344,74.46096,Burglary / House-breaking reported in the jurisdiction.
1179,100010003202600005,FIR,2026-04-27,3,1,5,14,Heinous,Closed,12.88394,77.66229,Peddling reported in the jurisdiction.
1180,100060028202600002,FIR,2026-04-28,28,6,1,4,Non-Heinous,Under Investigation,13.38208,77.05257,Vehicle Theft reported in the jurisdiction.
1181,100020011202600012,FIR,2026-04-28,11,2,1,3,Non-Heinous,Charge Sheeted,12.34745,76.6167,Chain Snatching reported in the jurisdiction.
1182,100020010202600018,FIR,2026-04-28,10,2,1,3,Non-Heinous,Under Investigation,12.16735,76.71891,Chain Snatching reported in the jurisdiction.
1183,100040020202600011,FIR,2026-04-29,20,4,1,3,Non-Heinous,Charge Sheeted,17.36525,76.71308,Chain Snatching reported in the jurisdiction.
1184,100020007202600013,FIR,2026-04-29,7,2,1,4,Non-Heinous,Under Investigation,12.20685,76.68687,Vehicle Theft reported in the jurisdiction.
1185,100040022202600002,FIR,2026-04-30,22,4,5,14,Non-Heinous,Undetected,17.21804,76.7686,Peddling reported in the jurisdiction.
1186,100040020202600002,FIR,2026-04-30,20,4,1,2,Non-Heinous,Closed,17.3635,76.72459,Burglary / House-breaking reported in the jurisdiction.
1187,100050025202600015,FIR,2026-04-30,25,5,6,16,Non-Heinous,Under Investigation,12.88947,74.89609,Public Nuisance reported in the jurisdiction.
1188,100060029202600003,FIR,2026-05-01,29,6,1,4,Non-Heinous,Closed,13.32328,77.23033,Vehicle Theft reported in the jurisdiction.
1189,100050025202600007,FIR,2026-05-01,25,5,2,7,Non-Heinous,Charge Sheeted,12.86111,74.88451,Murder reported in the jurisdiction.
1190,100040022202600014,FIR,2026-05-01,22,4,3,10,Non-Heinous,Charge Sheeted,17.23175,76.7729,Domestic Violence Complaint reported in the jurisdiction.
1191,100030014202600021,FIR,2026-05-01,14,3,4,11,Non-Heinous,Closed,15.80983,74.47828,Online Financial Fraud reported in the jurisdiction.
1192,100010004202600030,FIR,2026-05-01,4,1,1,1,Non-Heinous,Under Investigation,12.96897,77.60595,Theft reported in the jurisdiction.
1193,100040021202600033,FIR,2026-05-01,21,4,1,1,Non-Heinous,Undetected,17.26649,76.79426,Theft — accused matches pattern seen in other station records.
1194,200030014202600001,UDR,2026-05-02,14,3,4,11,Non-Heinous,Under Investigation,15.82639,74.47187,Online Financial Fraud reported in the jurisdiction.
1195,100020012202600020,FIR,2026-05-02,12,2,2,6,Heinous,Undetected,12.23257,76.7515,Grievous Hurt reported in the jurisdiction.
1196,100010004202600001,FIR,2026-05-03,4,1,1,3,Non-Heinous,Closed,12.9731,77.63365,Chain Snatching reported in the jurisdiction.
1197,100060028202600020,FIR,2026-05-03,28,6,2,8,Non-Heinous,Charge Sheeted,13.40112,77.03614,Assault reported in the jurisdiction.
1198,100030013202600023,FIR,2026-05-03,13,3,6,15,Non-Heinous,Under Investigation,15.73588,74.47345,Rioting reported in the jurisdiction.
1199,100030016202600025,FIR,2026-05-03,16,3,6,16,Non-Heinous,Undetected,15.84685,74.42458,Public Nuisance reported in the jurisdiction.
1200,100050023202600025,FIR,2026-05-03,23,5,4,12,Non-Heinous,Charge Sheeted,12.87534,74.84338,Social Media Harassment reported in the jurisdiction.
1201,100060027202600022,FIR,2026-05-03,27,6,1,2,Non-Heinous,Under Investigation,13.37413,77.02606,Burglary / House-breaking reported in the jurisdiction.
1202,100010002202600005,FIR,2026-05-04,2,1,4,11,Non-Heinous,Charge Sheeted,12.90344,77.516,Online Financial Fraud reported in the jurisdiction.
1203,100060028202600012,FIR,2026-05-04,28,6,2,8,Heinous,Under Investigation,13.37749,77.03713,Assault reported in the jurisdiction.
1204,100040022202600019,FIR,2026-05-04,22,4,5,13,Heinous,Charge Sheeted,17.21016,76.78183,Possession reported in the jurisdiction.
1205,100050023202600017,FIR,2026-05-04,23,5,1,4,Non-Heinous,Under Investigation,12.88123,74.85471,Vehicle Theft reported in the jurisdiction.
1206,200050023202600001,UDR,2026-05-05,23,5,6,16,Non-Heinous,Charge Sheeted,12.87472,74.8522,Public Nuisance reported in the jurisdiction.
1207,100010001202600001,FIR,2026-05-05,1,1,2,8,Non-Heinous,Under Investigation,12.8919,77.66766,Assault reported in the jurisdiction.
1208,100020011202600016,FIR,2026-05-05,11,2,3,10,Heinous,Charge Sheeted,12.35555,76.58913,Domestic Violence Complaint reported in the jurisdiction.
1209,100030014202600023,FIR,2026-05-05,14,3,1,2,Non-Heinous,Closed,15.82985,74.44895,Burglary / House-breaking reported in the jurisdiction.
1210,100050023202600019,FIR,2026-05-05,23,5,5,13,Non-Heinous,Charge Sheeted,12.89713,74.82779,Possession reported in the jurisdiction.
1211,100010004202600003,FIR,2026-05-06,4,1,3,9,Heinous,Under Investigation,12.97716,77.62922,Molestation reported in the jurisdiction.
1212,100020007202600014,FIR,2026-05-06,7,2,5,14,Heinous,Closed,12.20392,76.67396,Peddling reported in the jurisdiction.
1213,100050023202600015,FIR,2026-05-06,23,5,1,1,Non-Heinous,Under Investigation,12.87279,74.86061,Theft reported in the jurisdiction.
1214,100010001202600016,FIR,2026-05-06,1,1,6,16,Non-Heinous,Under Investigation,12.88062,77.6521,Public Nuisance reported in the jurisdiction.
1215,100020011202600019,FIR,2026-05-06,11,2,1,2,Non-Heinous,Under Investigation,12.33387,76.58856,Burglary / House-breaking reported in the jurisdiction.
1216,100040018202600001,FIR,2026-05-07,18,4,4,11,Non-Heinous,Closed,17.41964,76.87158,Online Financial Fraud reported in the jurisdiction.
1217,100040019202600008,FIR,2026-05-07,19,4,6,15,Non-Heinous,Charge Sheeted,17.42781,76.86621,Rioting reported in the jurisdiction.
1218,100050025202600022,FIR,2026-05-07,25,5,4,12,Non-Heinous,Undetected,12.8795,74.88876,Social Media Harassment reported in the jurisdiction.
1219,100050024202600021,FIR,2026-05-07,24,5,1,1,Non-Heinous,Under Investigation,12.98237,74.78012,Theft reported in the jurisdiction.
1220,100050025202600032,FIR,2026-05-07,25,5,1,3,Non-Heinous,Under Investigation,12.87658,74.89927,Part of a recurring chain snatching pattern in this catchment.
1221,100050024202600003,FIR,2026-05-08,24,5,3,10,Non-Heinous,Charge Sheeted,13.00276,74.79246,Domestic Violence Complaint reported in the jurisdiction.
1222,100040018202600005,FIR,2026-05-08,18,4,3,9,Heinous,Charge Sheeted,17.42754,76.87064,Molestation reported in the jurisdiction.
1223,100010001202600010,FIR,2026-05-08,1,1,1,4,Non-Heinous,Closed,12.87223,77.64659,Vehicle Theft reported in the jurisdiction.
1224,100050025202600026,FIR,2026-05-08,25,5,1,1,Non-Heinous,Under Investigation,12.89134,74.88401,Theft reported in the jurisdiction.
1225,100050025202600033,FIR,2026-05-08,25,5,1,3,Non-Heinous,Under Investigation,12.88432,74.91596,Part of a recurring chain snatching pattern in this catchment.
1226,100030013202600034,FIR,2026-05-08,13,3,1,4,Non-Heinous,Under Investigation,15.76753,74.46764,Vehicle Theft — accused matches pattern seen in other station records.
1227,100020012202600022,FIR,2026-05-08,12,2,1,5,Non-Heinous,Closed,12.21089,76.7529,Robbery — accused matches pattern seen in other station records.
1228,100050025202600009,FIR,2026-05-09,25,5,5,13,Heinous,Under Investigation,12.88941,74.89357,Possession reported in the jurisdiction.
1229,300060027202600001,PAR,2026-05-09,27,6,5,13,Non-Heinous,Charge Sheeted,13.36994,77.03419,Possession reported in the jurisdiction.
1230,100030016202600008,FIR,2026-05-09,16,3,6,15,Non-Heinous,Closed,15.83104,74.41036,Rioting reported in the jurisdiction.
1231,100020010202600013,FIR,2026-05-09,10,2,1,1,Non-Heinous,Charge Sheeted,12.19385,76.70757,Theft reported in the jurisdiction.
1232,100020012202600014,FIR,2026-05-09,12,2,2,7,Heinous,Under Investigation,12.22628,76.75499,Murder reported in the jurisdiction.
1233,100040019202600006,FIR,2026-05-10,19,4,1,2,Non-Heinous,Closed,17.39831,76.83717,Burglary / House-breaking reported in the jurisdiction.
1234,100060028202600007,FIR,2026-05-10,28,6,3,10,Non-Heinous,Charge Sheeted,13.37685,77.01844,Domestic Violence Complaint reported in the jurisdiction.
1235,100010004202600020,FIR,2026-05-10,4,1,1,5,Non-Heinous,Charge Sheeted,12.96678,77.60097,Robbery reported in the jurisdiction.
1236,100050024202600002,FIR,2026-05-11,24,5,1,2,Non-Heinous,Closed,13.00784,74.77436,Burglary / House-breaking reported in the jurisdiction.
1237,100050025202600008,FIR,2026-05-11,25,5,3,9,Non-Heinous,Under Investigation,12.87226,74.88057,Molestation reported in the jurisdiction.
1238,100010002202600014,FIR,2026-05-11,2,1,3,9,Non-Heinous,Under Investigation,12.9228,77.51553,Molestation reported in the jurisdiction.
1239,100060030202600023,FIR,2026-05-11,30,6,1,4,Non-Heinous,Closed,13.38667,77.14243,Vehicle Theft — accused matches pattern seen in other station records.
1240,100030016202600013,FIR,2026-05-12,16,3,5,13,Non-Heinous,Undetected,15.84836,74.4057,Possession reported in the jurisdiction.
1241,300040020202600002,PAR,2026-05-12,20,4,3,9,Non-Heinous,Under Investigation,17.35891,76.7334,Molestation reported in the jurisdiction.
1242,100060027202600004,FIR,2026-05-14,27,6,2,7,Heinous,Undetected,13.37735,77.0394,Murder reported in the jurisdiction.
1243,100050023202600007,FIR,2026-05-14,23,5,3,10,Non-Heinous,Undetected,12.88125,74.85265,Domestic Violence Complaint reported in the jurisdiction.
1244,100010005202600021,FIR,2026-05-14,5,1,5,14,Non-Heinous,Closed,12.85046,77.49579,Peddling reported in the jurisdiction.
1245,100060028202600022,FIR,2026-05-14,28,6,4,12,Non-Heinous,Under Investigation,13.3804,77.05626,Social Media Harassment reported in the jurisdiction.
1246,100010002202600020,FIR,2026-05-14,2,1,1,2,Non-Heinous,Closed,12.89618,77.49742,Burglary / House-breaking reported in the jurisdiction.
1247,100030016202600026,FIR,2026-05-14,16,3,3,10,Heinous,Under Investigation,15.85881,74.40748,Domestic Violence Complaint reported in the jurisdiction.
1248,100010006202600003,FIR,2026-05-15,6,1,1,3,Non-Heinous,Under Investigation,12.91756,77.60246,Chain Snatching reported in the jurisdiction.
1249,100030015202600007,FIR,2026-05-15,15,3,5,13,Non-Heinous,Charge Sheeted,15.78922,74.37899,Possession reported in the jurisdiction.
1250,100030014202600009,FIR,2026-05-15,14,3,1,2,Non-Heinous,Charge Sheeted,15.80632,74.45295,Burglary / House-breaking reported in the jurisdiction.
1251,100040020202600012,FIR,2026-05-15,20,4,6,16,Non-Heinous,Charge Sheeted,17.36971,76.7181,Public Nuisance reported in the jurisdiction.
1252,100050023202600009,FIR,2026-05-15,23,5,6,16,Non-Heinous,Closed,12.89463,74.83009,Public Nuisance reported in the jurisdiction.
1253,100060030202600017,FIR,2026-05-15,30,6,1,2,Non-Heinous,Charge Sheeted,13.37595,77.14562,Burglary / House-breaking reported in the jurisdiction.
1254,100030013202600031,FIR,2026-05-15,13,3,3,10,Heinous,Charge Sheeted,15.7714,74.48166,Domestic Violence Complaint reported in the jurisdiction.
1255,100050025202600034,FIR,2026-05-15,25,5,1,3,Non-Heinous,Under Investigation,12.86207,74.88924,Part of a recurring chain snatching pattern in this catchment.
1256,200050024202600001,UDR,2026-05-16,24,5,4,11,Non-Heinous,Closed,12.97754,74.79298,Online Financial Fraud reported in the jurisdiction.
1257,100020012202600009,FIR,2026-05-16,12,2,1,5,Non-Heinous,Undetected,12.21412,76.76114,Robbery reported in the jurisdiction.
1258,100010002202600016,FIR,2026-05-16,2,1,2,6,Non-Heinous,Undetected,12.90075,77.51816,Grievous Hurt reported in the jurisdiction.
1259,100010001202600011,FIR,2026-05-16,1,1,1,4,Non-Heinous,Under Investigation,12.85934,77.64697,Vehicle Theft reported in the jurisdiction.
1260,100050024202600019,FIR,2026-05-16,24,5,2,8,Heinous,Closed,13.00483,74.75781,Assault reported in the jurisdiction.
1261,100050023202600030,FIR,2026-05-16,23,5,1,5,Non-Heinous,Undetected,12.90169,74.8392,Robbery — accused matches pattern seen in other station records.
1262,100060027202600023,FIR,2026-05-16,27,6,1,5,Non-Heinous,Under Investigation,13.34483,77.05485,Robbery — accused matches pattern seen in other station records.
1263,100020012202600013,FIR,2026-05-17,12,2,3,10,Heinous,Closed,12.22056,76.76634,Domestic Violence Complaint reported in the jurisdiction.
1264,100020008202600021,FIR,2026-05-17,8,2,1,4,Non-Heinous,Undetected,12.30015,76.56235,Vehicle Theft — accused matches pattern seen in other station records.
1265,100010002202600009,FIR,2026-05-18,2,1,1,1,Non-Heinous,Charge Sheeted,12.902,77.49722,Theft reported in the jurisdiction.
1266,100060030202600011,FIR,2026-05-18,30,6,4,12,Non-Heinous,Closed,13.35333,77.12649,Social Media Harassment reported in the jurisdiction.
1267,100020012202600012,FIR,2026-05-18,12,2,6,16,Non-Heinous,Closed,12.22821,76.74407,Public Nuisance reported in the jurisdiction.
1268,100010003202600019,FIR,2026-05-18,3,1,2,7,Non-Heinous,Under Investigation,12.86576,77.66519,Murder reported in the jurisdiction.
1269,100020009202600021,FIR,2026-05-18,9,2,3,10,Heinous,Undetected,12.32288,76.70033,Domestic Violence Complaint reported in the jurisdiction.
1270,100040022202600008,FIR,2026-05-19,22,4,2,8,Heinous,Charge Sheeted,17.21601,76.78014,Assault reported in the jurisdiction.
1271,100040022202600030,FIR,2026-05-19,22,4,2,8,Non-Heinous,Undetected,17.22846,76.78457,Assault reported in the jurisdiction.
1272,100040021202600022,FIR,2026-05-19,21,4,4,11,Non-Heinous,Undetected,17.24591,76.77313,Online Financial Fraud reported in the jurisdiction.
1273,100020009202600004,FIR,2026-05-20,9,2,1,3,Non-Heinous,Undetected,12.3173,76.72974,Chain Snatching reported in the jurisdiction.
1274,100010006202600006,FIR,2026-05-20,6,1,1,3,Non-Heinous,Closed,12.92659,77.60987,Chain Snatching reported in the jurisdiction.
1275,100050026202600023,FIR,2026-05-20,26,5,1,3,Non-Heinous,Charge Sheeted,12.96888,74.91915,Chain Snatching reported in the jurisdiction.
1276,100020008202600019,FIR,2026-05-20,8,2,2,7,Non-Heinous,Closed,12.30658,76.55401,Murder reported in the jurisdiction.
1277,100050025202600035,FIR,2026-05-20,25,5,1,3,Non-Heinous,Undetected,12.87191,74.90184,Part of a recurring chain snatching pattern in this catchment.
1278,100020012202600021,FIR,2026-05-20,12,2,1,2,Non-Heinous,Under Investigation,12.22554,76.74928,Burglary / House-breaking — accused matches pattern seen in other station records.
1279,100040018202600003,FIR,2026-05-21,18,4,6,16,Non-Heinous,Under Investigation,17.40781,76.8459,Public Nuisance reported in the jurisdiction.
1280,100030016202600003,FIR,2026-05-21,16,3,3,10,Heinous,Charge Sheeted,15.85194,74.4168,Domestic Violence Complaint reported in the jurisdiction.
1281,100050024202600009,FIR,2026-05-21,24,5,2,6,Heinous,Closed,13.00694,74.76327,Grievous Hurt reported in the jurisdiction.
1282,100040018202600012,FIR,2026-05-21,18,4,1,2,Non-Heinous,Under Investigation,17.40545,76.85811,Burglary / House-breaking reported in the jurisdiction.
1283,100060030202600018,FIR,2026-05-21,30,6,1,2,Non-Heinous,Under Investigation,13.35668,77.14737,Burglary / House-breaking reported in the jurisdiction.
1284,100050025202600031,FIR,2026-05-21,25,5,2,8,Non-Heinous,Under Investigation,12.86066,74.90102,Assault reported in the jurisdiction.
1285,100030014202600008,FIR,2026-05-22,14,3,1,5,Non-Heinous,Charge Sheeted,15.83112,74.44817,Robbery reported in the jurisdiction.
1286,100010001202600009,FIR,2026-05-22,1,1,2,6,Non-Heinous,Charge Sheeted,12.89256,77.66393,Grievous Hurt reported in the jurisdiction.
1287,100020008202600013,FIR,2026-05-22,8,2,1,4,Non-Heinous,Under Investigation,12.29406,76.56801,Vehicle Theft reported in the jurisdiction.
1288,100050025202600020,FIR,2026-05-22,25,5,4,11,Non-Heinous,Under Investigation,12.88493,74.88374,Online Financial Fraud reported in the jurisdiction.
1289,100050026202600008,FIR,2026-05-23,26,5,1,1,Non-Heinous,Closed,12.96333,74.89505,Theft reported in the jurisdiction.
1290,100050026202600009,FIR,2026-05-23,26,5,2,6,Non-Heinous,Undetected,12.97674,74.88351,Grievous Hurt reported in the jurisdiction.
1291,100030015202600016,FIR,2026-05-23,15,3,1,5,Non-Heinous,Under Investigation,15.80047,74.3844,Robbery reported in the jurisdiction.
1292,100010004202600023,FIR,2026-05-23,4,1,2,8,Non-Heinous,Closed,12.98416,77.60803,Assault reported in the jurisdiction.
1293,100010003202600013,FIR,2026-05-23,3,1,4,12,Non-Heinous,Under Investigation,12.88607,77.63816,Social Media Harassment reported in the jurisdiction.
1294,100020007202600024,FIR,2026-05-23,7,2,2,7,Non-Heinous,Closed,12.22495,76.69097,Murder reported in the jurisdiction.
1295,100060030202600009,FIR,2026-05-24,30,6,4,12,Non-Heinous,Under Investigation,13.38452,77.12724,Social Media Harassment reported in the jurisdiction.
1296,400010004202600001,Zero FIR,2026-05-24,4,1,5,14,Non-Heinous,Undetected,12.99675,77.60349,Peddling reported in the jurisdiction.
1297,100060028202600023,FIR,2026-05-24,28,6,4,12,Non-Heinous,Closed,13.38485,77.03561,Social Media Harassment reported in the jurisdiction.
1298,100040020202600024,FIR,2026-05-24,20,4,4,12,Non-Heinous,Charge Sheeted,17.39162,76.73432,Social Media Harassment reported in the jurisdiction.
1299,100040020202600026,FIR,2026-05-24,20,4,5,14,Non-Heinous,Under Investigation,17.39179,76.71909,Peddling reported in the jurisdiction.
1300,100060030202600022,FIR,2026-05-24,30,6,1,4,Non-Heinous,Undetected,13.35498,77.13645,Vehicle Theft reported in the jurisdiction.
1301,100010004202600017,FIR,2026-05-25,4,1,6,15,Non-Heinous,Under Investigation,12.99468,77.62312,Rioting reported in the jurisdiction.
1302,100060028202600016,FIR,2026-05-25,28,6,5,13,Non-Heinous,Charge Sheeted,13.38609,77.05193,Possession reported in the jurisdiction.
1303,100050023202600023,FIR,2026-05-25,23,5,2,8,Heinous,Under Investigation,12.8933,74.8336,Assault reported in the jurisdiction.
1304,100040018202600008,FIR,2026-05-26,18,4,1,4,Non-Heinous,Under Investigation,17.42546,76.85326,Vehicle Theft reported in the jurisdiction.
1305,100010003202600008,FIR,2026-05-26,3,1,2,6,Heinous,Charge Sheeted,12.87859,77.64165,Grievous Hurt reported in the jurisdiction.
1306,100020010202600014,FIR,2026-05-26,10,2,2,6,Heinous,Charge Sheeted,12.17559,76.69695,Grievous Hurt reported in the jurisdiction.
1307,100050023202600021,FIR,2026-05-26,23,5,2,6,Non-Heinous,Undetected,12.89625,74.83416,Grievous Hurt reported in the jurisdiction.
1308,100010006202600023,FIR,2026-05-26,6,1,4,12,Non-Heinous,Under Investigation,12.89147,77.63177,Social Media Harassment reported in the jurisdiction.
1309,100020007202600004,FIR,2026-05-27,7,2,1,5,Non-Heinous,Under Investigation,12.20775,76.67335,Robbery reported in the jurisdiction.
1310,100020008202600007,FIR,2026-05-27,8,2,2,8,Non-Heinous,Closed,12.30568,76.55624,Assault reported in the jurisdiction.
1311,100020010202600015,FIR,2026-05-27,10,2,4,11,Non-Heinous,Closed,12.16988,76.6975,Online Financial Fraud reported in the jurisdiction.
1312,100050023202600001,FIR,2026-05-28,23,5,5,14,Non-Heinous,Closed,12.87151,74.84142,Peddling reported in the jurisdiction.
1313,100030015202600001,FIR,2026-05-28,15,3,6,15,Non-Heinous,Undetected,15.79247,74.37844,Rioting reported in the jurisdiction.
1314,100030015202600004,FIR,2026-05-28,15,3,4,11,Non-Heinous,Under Investigation,15.7773,74.39194,Online Financial Fraud reported in the jurisdiction.
1315,100060028202600027,FIR,2026-05-28,28,6,1,5,Non-Heinous,Closed,13.41116,77.0367,Robbery reported in the jurisdiction.
1316,100020012202600017,FIR,2026-05-28,12,2,1,4,Non-Heinous,Charge Sheeted,12.20678,76.74918,Vehicle Theft reported in the jurisdiction.
1317,100020010202600017,FIR,2026-05-28,10,2,2,6,Non-Heinous,Undetected,12.1774,76.71049,Grievous Hurt reported in the jurisdiction.
1318,100050025202600036,FIR,2026-05-28,25,5,1,3,Non-Heinous,Under Investigation,12.89588,74.91448,Part of a recurring chain snatching pattern in this catchment.
1319,100020008202600001,FIR,2026-05-29,8,2,5,14,Non-Heinous,Closed,12.28974,76.58713,Peddling reported in the jurisdiction.
1320,100020010202600007,FIR,2026-05-29,10,2,1,4,Non-Heinous,Undetected,12.18407,76.70845,Vehicle Theft reported in the jurisdiction.
1321,100040021202600009,FIR,2026-05-29,21,4,2,7,Heinous,Under Investigation,17.26898,76.782,Murder reported in the jurisdiction.
1322,100060027202600015,FIR,2026-05-29,27,6,5,14,Non-Heinous,Under Investigation,13.38316,77.02948,Peddling reported in the jurisdiction.
1323,100050026202600016,FIR,2026-05-29,26,5,5,13,Heinous,Under Investigation,12.98202,74.88903,Possession reported in the jurisdiction.
1324,100050023202600012,FIR,2026-05-30,23,5,6,16,Non-Heinous,Under Investigation,12.87621,74.84742,Public Nuisance reported in the jurisdiction.
1325,100050026202600017,FIR,2026-05-30,26,5,1,4,Non-Heinous,Closed,12.97965,74.88035,Vehicle Theft reported in the jurisdiction.
1326,100010002202600019,FIR,2026-05-30,2,1,2,8,Non-Heinous,Under Investigation,12.89712,77.49805,Assault reported in the jurisdiction.
1327,100060027202600020,FIR,2026-05-30,27,6,6,16,Non-Heinous,Charge Sheeted,13.35014,77.05332,Public Nuisance reported in the jurisdiction.
1328,400050025202600001,Zero FIR,2026-05-30,25,5,1,3,Non-Heinous,Closed,12.87105,74.9056,Part of a recurring chain snatching pattern in this catchment.
1329,100060027202600002,FIR,2026-05-31,27,6,3,10,Heinous,Charge Sheeted,13.37722,77.03966,Domestic Violence Complaint reported in the jurisdiction.
1330,100010006202600016,FIR,2026-05-31,6,1,1,4,Non-Heinous,Under Investigation,12.90332,77.63508,Vehicle Theft reported in the jurisdiction.
1331,100010002202600023,FIR,2026-05-31,2,1,5,13,Non-Heinous,Closed,12.90519,77.49103,Possession reported in the jurisdiction.
1332,100010003202600003,FIR,2026-06-01,3,1,4,11,Non-Heinous,Charge Sheeted,12.89193,77.66054,Online Financial Fraud reported in the jurisdiction.
1333,100020009202600006,FIR,2026-06-01,9,2,1,2,Non-Heinous,Undetected,12.3237,76.7198,Burglary / House-breaking reported in the jurisdiction.
1334,100060028202600011,FIR,2026-06-01,28,6,3,10,Heinous,Charge Sheeted,13.38541,77.05275,Domestic Violence Complaint reported in the jurisdiction.
1335,100010003202600009,FIR,2026-06-01,3,1,3,10,Non-Heinous,Closed,12.88678,77.65908,Domestic Violence Complaint reported in the jurisdiction.
1336,100010005202600016,FIR,2026-06-01,5,1,3,9,Non-Heinous,Under Investigation,12.86935,77.50231,Molestation reported in the jurisdiction.
1337,100030013202600017,FIR,2026-06-01,13,3,2,6,Heinous,Undetected,15.74496,74.4526,Grievous Hurt reported in the jurisdiction.
1338,100040022202600027,FIR,2026-06-01,22,4,5,14,Non-Heinous,Under Investigation,17.24394,76.76241,Peddling reported in the jurisdiction.
1339,100050025202600037,FIR,2026-06-01,25,5,1,3,Non-Heinous,Undetected,12.88776,74.91074,Part of a recurring chain snatching pattern in this catchment.
1340,100040019202600003,FIR,2026-06-02,19,4,6,16,Non-Heinous,Undetected,17.42734,76.84281,Public Nuisance reported in the jurisdiction.
1341,100020009202600008,FIR,2026-06-02,9,2,2,8,Non-Heinous,Closed,12.32472,76.70803,Assault reported in the jurisdiction.
1342,100040020202600004,FIR,2026-06-02,20,4,1,4,Non-Heinous,Closed,17.37396,76.72507,Vehicle Theft reported in the jurisdiction.
1343,100010006202600010,FIR,2026-06-02,6,1,5,13,Heinous,Undetected,12.9189,77.61393,Possession reported in the jurisdiction.
1344,100050024202600014,FIR,2026-06-02,24,5,1,4,Non-Heinous,Charge Sheeted,12.97946,74.76689,Vehicle Theft reported in the jurisdiction.
1345,200030013202600001,UDR,2026-06-02,13,3,5,13,Non-Heinous,Closed,15.73611,74.47233,Possession reported in the jurisdiction.
1346,100030016202600005,FIR,2026-06-03,16,3,5,13,Heinous,Under Investigation,15.8392,74.39152,Possession reported in the jurisdiction.
1347,100030015202600020,FIR,2026-06-03,15,3,4,11,Non-Heinous,Undetected,15.79544,74.40229,Online Financial Fraud reported in the jurisdiction.
1348,100050024202600020,FIR,2026-06-03,24,5,4,11,Non-Heinous,Charge Sheeted,12.97444,74.76608,Online Financial Fraud reported in the jurisdiction.
1349,100020010202600019,FIR,2026-06-03,10,2,1,5,Non-Heinous,Under Investigation,12.17392,76.71664,Robbery — accused matches pattern seen in other station records.
1350,100050026202600012,FIR,2026-06-04,26,5,3,10,Non-Heinous,Closed,12.96241,74.90326,Domestic Violence Complaint reported in the jurisdiction.
1351,100040020202600022,FIR,2026-06-04,20,4,3,10,Non-Heinous,Under Investigation,17.3613,76.71249,Domestic Violence Complaint reported in the jurisdiction.
1352,100030015202600027,FIR,2026-06-04,15,3,6,16,Non-Heinous,Undetected,15.78137,74.40058,Public Nuisance reported in the jurisdiction.
1353,100040022202600031,FIR,2026-06-04,22,4,3,9,Heinous,Undetected,17.23602,76.78036,Molestation reported in the jurisdiction.
1354,100050026202600010,FIR,2026-06-05,26,5,1,4,Non-Heinous,Closed,12.97859,74.88744,Vehicle Theft reported in the jurisdiction.
1355,100050025202600013,FIR,2026-06-05,25,5,6,15,Non-Heinous,Charge Sheeted,12.87636,74.90177,Rioting reported in the jurisdiction.
1356,100010003202600004,FIR,2026-06-06,3,1,6,16,Non-Heinous,Charge Sheeted,12.89565,77.64385,Public Nuisance reported in the jurisdiction.
1357,100060029202600008,FIR,2026-06-06,29,6,6,15,Non-Heinous,Under Investigation,13.32339,77.23234,Rioting reported in the jurisdiction.
1358,100020009202600015,FIR,2026-06-06,9,2,2,6,Heinous,Under Investigation,12.3046,76.73211,Grievous Hurt reported in the jurisdiction.
1359,100020009202600016,FIR,2026-06-06,9,2,1,1,Non-Heinous,Under Investigation,12.32877,76.70459,Theft reported in the jurisdiction.
1360,100020007202600021,FIR,2026-06-06,7,2,1,2,Non-Heinous,Charge Sheeted,12.23781,76.66197,Burglary / House-breaking reported in the jurisdiction.
1361,300050025202600001,PAR,2026-06-06,25,5,4,12,Non-Heinous,Closed,12.88872,74.88691,Social Media Harassment reported in the jurisdiction.
1362,100060027202600010,FIR,2026-06-07,27,6,6,15,Non-Heinous,Closed,13.34987,77.02146,Rioting reported in the jurisdiction.
1363,100040021202600011,FIR,2026-06-07,21,4,4,12,Non-Heinous,Under Investigation,17.27791,76.77996,Social Media Harassment reported in the jurisdiction.
1364,100050023202600008,FIR,2026-06-07,23,5,1,1,Non-Heinous,Closed,12.88563,74.86455,Theft reported in the jurisdiction.
1365,100040022202600018,FIR,2026-06-07,22,4,2,7,Heinous,Under Investigation,17.24175,76.78695,Murder reported in the jurisdiction.
1366,100060030202600008,FIR,2026-06-07,30,6,5,13,Heinous,Closed,13.37121,77.11992,Possession reported in the jurisdiction.
1367,100050025202600016,FIR,2026-06-07,25,5,1,5,Non-Heinous,Charge Sheeted,12.88502,74.91179,Robbery reported in the jurisdiction.
1368,100010003202600014,FIR,2026-06-07,3,1,1,4,Non-Heinous,Undetected,12.87444,77.64735,Vehicle Theft reported in the jurisdiction.
1369,100030014202600002,FIR,2026-06-08,14,3,4,11,Non-Heinous,Under Investigation,15.81769,74.45525,Online Financial Fraud reported in the jurisdiction.
1370,100010005202600010,FIR,2026-06-08,5,1,1,5,Non-Heinous,Undetected,12.8546,77.50256,Robbery reported in the jurisdiction.
1371,400040020202600001,Zero FIR,2026-06-08,20,4,1,5,Non-Heinous,Closed,17.37813,76.7381,Robbery reported in the jurisdiction.
1372,100060029202600018,FIR,2026-06-08,29,6,6,16,Non-Heinous,Under Investigation,13.31269,77.21594,Public Nuisance reported in the jurisdiction.
1373,100060028202600006,FIR,2026-06-09,28,6,5,14,Heinous,Undetected,13.40722,77.02992,Peddling reported in the jurisdiction.
1374,100010004202600010,FIR,2026-06-09,4,1,1,4,Non-Heinous,Charge Sheeted,12.99683,77.60039,Vehicle Theft reported in the jurisdiction.
1375,100010006202600005,FIR,2026-06-09,6,1,2,6,Heinous,Charge Sheeted,12.90047,77.61974,Grievous Hurt reported in the jurisdiction.
1376,100040019202600015,FIR,2026-06-09,19,4,1,4,Non-Heinous,Charge Sheeted,17.40179,76.8357,Vehicle Theft reported in the jurisdiction.
1377,100030016202600024,FIR,2026-06-09,16,3,6,16,Non-Heinous,Charge Sheeted,15.85685,74.41075,Public Nuisance reported in the jurisdiction.
1378,100030014202600015,FIR,2026-06-10,14,3,2,7,Non-Heinous,Under Investigation,15.80356,74.46136,Murder reported in the jurisdiction.
1379,100050026202600014,FIR,2026-06-10,26,5,3,10,Heinous,Charge Sheeted,12.96532,74.90419,Domestic Violence Complaint reported in the jurisdiction.
1380,100040022202600006,FIR,2026-06-11,22,4,2,8,Heinous,Closed,17.23914,76.75578,Assault reported in the jurisdiction.
1381,100020011202600015,FIR,2026-06-11,11,2,1,1,Non-Heinous,Under Investigation,12.35446,76.59136,Theft reported in the jurisdiction.
1382,100030017202600025,FIR,2026-06-11,17,3,1,1,Non-Heinous,Charge Sheeted,15.95131,74.39696,Theft — accused matches pattern seen in other station records.
1383,100020009202600009,FIR,2026-06-12,9,2,1,5,Non-Heinous,Closed,12.33153,76.69423,Robbery reported in the jurisdiction.
1384,100020007202600011,FIR,2026-06-12,7,2,1,3,Non-Heinous,Under Investigation,12.2193,76.65705,Chain Snatching reported in the jurisdiction.
1385,100030016202600020,FIR,2026-06-12,16,3,1,5,Non-Heinous,Closed,15.8335,74.42057,Robbery reported in the jurisdiction.
1386,100030015202600021,FIR,2026-06-12,15,3,4,12,Non-Heinous,Closed,15.79955,74.3697,Social Media Harassment reported in the jurisdiction.
1387,300030016202600001,PAR,2026-06-12,16,3,6,16,Non-Heinous,Under Investigation,15.82244,74.39906,Public Nuisance reported in the jurisdiction.
1388,100040020202600015,FIR,2026-06-13,20,4,3,9,Heinous,Charge Sheeted,17.37971,76.7059,Molestation reported in the jurisdiction.
1389,100060029202600014,FIR,2026-06-13,29,6,6,15,Non-Heinous,Charge Sheeted,13.29111,77.25009,Rioting reported in the jurisdiction.
1390,100010006202600019,FIR,2026-06-14,6,1,5,13,Non-Heinous,Under Investigation,12.90962,77.61282,Possession reported in the jurisdiction.
1391,100060030202600001,FIR,2026-06-15,30,6,1,5,Non-Heinous,Undetected,13.38778,77.13465,Robbery reported in the jurisdiction.
1392,100030015202600013,FIR,2026-06-15,15,3,4,12,Non-Heinous,Closed,15.78791,74.40018,Social Media Harassment reported in the jurisdiction.
1393,100020009202600019,FIR,2026-06-15,9,2,2,8,Non-Heinous,Undetected,12.33546,76.72102,Assault reported in the jurisdiction.
1394,100030015202600025,FIR,2026-06-15,15,3,2,6,Non-Heinous,Undetected,15.7978,74.36927,Grievous Hurt reported in the jurisdiction.
1395,100010003202600001,FIR,2026-06-16,3,1,4,11,Non-Heinous,Charge Sheeted,12.89012,77.66115,Online Financial Fraud reported in the jurisdiction.
1396,100010004202600014,FIR,2026-06-16,4,1,1,2,Non-Heinous,Charge Sheeted,12.96875,77.61034,Burglary / House-breaking reported in the jurisdiction.
1397,100050023202600020,FIR,2026-06-16,23,5,2,6,Non-Heinous,Charge Sheeted,12.90392,74.83134,Grievous Hurt reported in the jurisdiction.
1398,100050025202600001,FIR,2026-06-17,25,5,6,16,Non-Heinous,Under Investigation,12.86142,74.88752,Public Nuisance reported in the jurisdiction.
1399,100020009202600002,FIR,2026-06-17,9,2,2,8,Heinous,Undetected,12.32189,76.71197,Assault reported in the jurisdiction.
1400,100010002202600012,FIR,2026-06-17,2,1,1,2,Non-Heinous,Charge Sheeted,12.90664,77.49771,Burglary / House-breaking reported in the jurisdiction.
1401,100030013202600015,FIR,2026-06-17,13,3,2,6,Non-Heinous,Charge Sheeted,15.74898,74.4767,Grievous Hurt reported in the jurisdiction.
1402,100050026202600013,FIR,2026-06-17,26,5,5,13,Heinous,Closed,12.97942,74.91444,Possession reported in the jurisdiction.
1403,100030014202600004,FIR,2026-06-18,14,3,3,9,Heinous,Under Investigation,15.83483,74.47298,Molestation reported in the jurisdiction.
1404,100030013202600018,FIR,2026-06-18,13,3,3,9,Heinous,Under Investigation,15.76398,74.47528,Molestation reported in the jurisdiction.
1405,100030015202600023,FIR,2026-06-18,15,3,2,8,Non-Heinous,Charge Sheeted,15.80743,74.40568,Assault reported in the jurisdiction.
1406,100010006202600008,FIR,2026-06-19,6,1,1,1,Non-Heinous,Undetected,12.91255,77.60288,Theft reported in the jurisdiction.
1407,400050026202600001,Zero FIR,2026-06-19,26,5,6,16,Non-Heinous,Under Investigation,12.96483,74.9113,Public Nuisance reported in the jurisdiction.
1408,100020011202600017,FIR,2026-06-19,11,2,2,8,Non-Heinous,Under Investigation,12.35052,76.58308,Assault reported in the jurisdiction.
1409,100050025202600024,FIR,2026-06-19,25,5,2,7,Non-Heinous,Charge Sheeted,12.86201,74.90183,Murder reported in the jurisdiction.
1410,100040021202600019,FIR,2026-06-19,21,4,2,8,Heinous,Under Investigation,17.26693,76.78901,Assault reported in the jurisdiction.
1411,100040020202600030,FIR,2026-06-19,20,4,1,4,Non-Heinous,Closed,17.37627,76.71454,Vehicle Theft — accused matches pattern seen in other station records.
1412,100040019202600007,FIR,2026-06-20,19,4,1,2,Non-Heinous,Undetected,17.42847,76.86789,Burglary / House-breaking reported in the jurisdiction.
1413,100050025202600011,FIR,2026-06-20,25,5,1,1,Non-Heinous,Closed,12.87308,74.90144,Theft reported in the jurisdiction.
1414,100020008202600009,FIR,2026-06-20,8,2,1,3,Non-Heinous,Closed,12.30629,76.5577,Chain Snatching reported in the jurisdiction.
1415,100030013202600008,FIR,2026-06-21,13,3,4,11,Non-Heinous,Undetected,15.76657,74.45607,Online Financial Fraud reported in the jurisdiction.
1416,100020008202600008,FIR,2026-06-21,8,2,4,11,Non-Heinous,Under Investigation,12.32549,76.58378,Online Financial Fraud reported in the jurisdiction.
1417,100030017202600014,FIR,2026-06-21,17,3,4,12,Non-Heinous,Undetected,15.96343,74.39275,Social Media Harassment reported in the jurisdiction.
1418,100040019202600001,FIR,2026-06-22,19,4,5,14,Non-Heinous,Under Investigation,17.43527,76.85166,Peddling reported in the jurisdiction.
1419,100030014202600013,FIR,2026-06-22,14,3,6,16,Non-Heinous,Under Investigation,15.79753,74.4599,Public Nuisance reported in the jurisdiction.
1420,100040019202600016,FIR,2026-06-22,19,4,3,9,Heinous,Charge Sheeted,17.40448,76.87154,Molestation reported in the jurisdiction.
1421,100030014202600025,FIR,2026-06-22,14,3,1,1,Non-Heinous,Charge Sheeted,15.80878,74.44262,Theft reported in the jurisdiction.
1422,100010005202600006,FIR,2026-06-23,5,1,1,1,Non-Heinous,Closed,12.87391,77.48153,Theft reported in the jurisdiction.
1423,100010005202600011,FIR,2026-06-23,5,1,3,10,Heinous,Charge Sheeted,12.87775,77.49263,Domestic Violence Complaint reported in the jurisdiction.
1424,100010004202600016,FIR,2026-06-23,4,1,3,10,Non-Heinous,Closed,12.98642,77.62166,Domestic Violence Complaint reported in the jurisdiction.
1425,100050023202600022,FIR,2026-06-23,23,5,1,3,Non-Heinous,Closed,12.89088,74.82652,Chain Snatching reported in the jurisdiction.
1426,100060028202600017,FIR,2026-06-24,28,6,4,11,Non-Heinous,Closed,13.39715,77.02796,Online Financial Fraud reported in the jurisdiction.
1427,100050026202600021,FIR,2026-06-24,26,5,6,16,Non-Heinous,Closed,12.98016,74.91255,Public Nuisance reported in the jurisdiction.
1428,100050025202600004,FIR,2026-06-25,25,5,6,16,Non-Heinous,Under Investigation,12.87779,74.90615,Public Nuisance reported in the jurisdiction.
1429,100040021202600004,FIR,2026-06-25,21,4,6,15,Non-Heinous,Charge Sheeted,17.26043,76.78888,Rioting reported in the jurisdiction.
1430,100030015202600008,FIR,2026-06-25,15,3,6,16,Non-Heinous,Closed,15.77805,74.38309,Public Nuisance reported in the jurisdiction.
1431,200010002202600002,UDR,2026-06-25,2,1,2,8,Non-Heinous,Under Investigation,12.91396,77.48881,Assault reported in the jurisdiction.
1432,100020011202600018,FIR,2026-06-25,11,2,6,15,Non-Heinous,Closed,12.35813,76.59345,Rioting reported in the jurisdiction.
1433,100040022202600032,FIR,2026-06-25,22,4,4,11,Non-Heinous,Undetected,17.22628,76.76335,Online Financial Fraud reported in the jurisdiction.
1434,100020011202600022,FIR,2026-06-25,11,2,2,7,Non-Heinous,Undetected,12.33467,76.60801,Murder reported in the jurisdiction.
1435,200050024202600003,UDR,2026-06-26,24,5,4,12,Non-Heinous,Closed,13.00095,74.78821,Social Media Harassment reported in the jurisdiction.
1436,100010004202600007,FIR,2026-06-27,4,1,2,6,Heinous,Charge Sheeted,12.99616,77.63067,Grievous Hurt reported in the jurisdiction.
1437,100050024202600006,FIR,2026-06-27,24,5,3,9,Heinous,Under Investigation,12.98091,74.75603,Molestation reported in the jurisdiction.
1438,100040019202600011,FIR,2026-06-27,19,4,2,8,Non-Heinous,Charge Sheeted,17.4146,76.86486,Assault reported in the jurisdiction.
1439,100030015202600015,FIR,2026-06-27,15,3,1,4,Non-Heinous,Charge Sheeted,15.77572,74.39563,Vehicle Theft reported in the jurisdiction.
1440,100030015202600017,FIR,2026-06-27,15,3,1,5,Non-Heinous,Under Investigation,15.80626,74.39704,Robbery reported in the jurisdiction.
1441,100020010202600010,FIR,2026-06-27,10,2,1,5,Non-Heinous,Under Investigation,12.17134,76.70253,Robbery reported in the jurisdiction.
1442,100030013202600021,FIR,2026-06-27,13,3,1,3,Non-Heinous,Undetected,15.7457,74.48882,Chain Snatching reported in the jurisdiction.
1443,100020007202600019,FIR,2026-06-27,7,2,6,15,Non-Heinous,Under Investigation,12.20976,76.65761,Rioting reported in the jurisdiction.
1444,100060030202600024,FIR,2026-06-27,30,6,1,1,Non-Heinous,Under Investigation,13.38203,77.11224,Theft — accused matches pattern seen in other station records.
1445,100020007202600005,FIR,2026-06-28,7,2,2,8,Heinous,Undetected,12.21179,76.68143,Assault reported in the jurisdiction.
1446,100020009202600013,FIR,2026-06-28,9,2,1,2,Non-Heinous,Closed,12.31637,76.69542,Burglary / House-breaking reported in the jurisdiction.
1447,100030014202600001,FIR,2026-06-29,14,3,6,16,Non-Heinous,Undetected,15.82415,74.46273,Public Nuisance reported in the jurisdiction.
1448,300010004202600001,PAR,2026-06-29,4,1,1,3,Non-Heinous,Undetected,12.96664,77.62632,Chain Snatching reported in the jurisdiction.
1449,100030017202600008,FIR,2026-06-29,17,3,2,8,Heinous,Closed,15.95015,74.40787,Assault reported in the jurisdiction.
1450,100060030202600010,FIR,2026-06-29,30,6,4,11,Non-Heinous,Closed,13.38924,77.13456,Online Financial Fraud reported in the jurisdiction.
1451,100020011202600014,FIR,2026-06-29,11,2,6,16,Non-Heinous,Under Investigation,12.33745,76.61469,Public Nuisance reported in the jurisdiction.
1452,100060029202600017,FIR,2026-06-30,29,6,4,12,Non-Heinous,Closed,13.3151,77.22998,Social Media Harassment reported in the jurisdiction.
1453,100020011202600003,FIR,2026-07-01,11,2,4,11,Non-Heinous,Closed,12.33405,76.60685,Online Financial Fraud reported in the jurisdiction.
1454,100020010202600006,FIR,2026-07-01,10,2,2,6,Heinous,Undetected,12.18839,76.73245,Grievous Hurt reported in the jurisdiction.
1455,100040022202600015,FIR,2026-07-01,22,4,3,9,Non-Heinous,Charge Sheeted,17.23317,76.75514,Molestation reported in the jurisdiction.
1456,100020011202600011,FIR,2026-07-01,11,2,6,15,Non-Heinous,Under Investigation,12.35415,76.60404,Rioting reported in the jurisdiction.
1457,100060029202600013,FIR,2026-07-01,29,6,1,4,Non-Heinous,Closed,13.29886,77.21779,Vehicle Theft reported in the jurisdiction.
1458,100060030202600015,FIR,2026-07-01,30,6,1,5,Non-Heinous,Under Investigation,13.36937,77.14787,Robbery reported in the jurisdiction.
1459,100040022202600021,FIR,2026-07-01,22,4,1,5,Non-Heinous,Charge Sheeted,17.22199,76.75816,Robbery reported in the jurisdiction.
1460,100050023202600016,FIR,2026-07-01,23,5,6,16,Non-Heinous,Closed,12.88093,74.82486,Public Nuisance reported in the jurisdiction.
1461,100030016202600023,FIR,2026-07-01,16,3,2,8,Heinous,Under Investigation,15.84292,74.40006,Assault reported in the jurisdiction.
1462,100040018202600017,FIR,2026-07-01,18,4,1,1,Non-Heinous,Charge Sheeted,17.40059,76.87651,Theft reported in the jurisdiction.
1463,100010002202600022,FIR,2026-07-01,2,1,5,13,Heinous,Charge Sheeted,12.91428,77.51239,Possession reported in the jurisdiction.
1464,100010005202600027,FIR,2026-07-01,5,1,1,3,Non-Heinous,Closed,12.86017,77.49846,Chain Snatching — accused matches pattern seen in other station records.
1465,100010004202600018,FIR,2026-07-02,4,1,2,8,Non-Heinous,Under Investigation,12.99654,77.59806,Assault reported in the jurisdiction.
1466,100060028202600021,FIR,2026-07-02,28,6,3,10,Non-Heinous,Under Investigation,13.38891,77.04111,Domestic Violence Complaint reported in the jurisdiction.
1467,100040018202600018,FIR,2026-07-02,18,4,2,8,Non-Heinous,Charge Sheeted,17.39282,76.85264,Assault reported in the jurisdiction.
1468,100060027202600003,FIR,2026-07-03,27,6,5,13,Non-Heinous,Charge Sheeted,13.36905,77.04198,Possession reported in the jurisdiction.
1469,100040022202600013,FIR,2026-07-03,22,4,1,4,Non-Heinous,Undetected,17.21886,76.77192,Vehicle Theft reported in the jurisdiction.
1470,100040019202600013,FIR,2026-07-03,19,4,5,13,Heinous,Undetected,17.41862,76.85705,Possession reported in the jurisdiction.
1471,100030016202600018,FIR,2026-07-03,16,3,1,5,Non-Heinous,Under Investigation,15.83455,74.41881,Robbery reported in the jurisdiction.
1472,100030015202600006,FIR,2026-07-04,15,3,5,13,Non-Heinous,Under Investigation,15.79593,74.38387,Possession reported in the jurisdiction.
1473,100060030202600004,FIR,2026-07-04,30,6,6,16,Non-Heinous,Undetected,13.38771,77.14034,Public Nuisance reported in the jurisdiction.
1474,100030015202600009,FIR,2026-07-04,15,3,1,1,Non-Heinous,Closed,15.80851,74.38018,Theft reported in the jurisdiction.
1475,100050024202600010,FIR,2026-07-04,24,5,5,14,Non-Heinous,Closed,13.01091,74.7777,Peddling reported in the jurisdiction.
1476,100030015202600019,FIR,2026-07-04,15,3,6,16,Non-Heinous,Under Investigation,15.79412,74.38719,Public Nuisance reported in the jurisdiction.
1477,100050024202600015,FIR,2026-07-04,24,5,3,9,Heinous,Closed,13.00676,74.78293,Molestation reported in the jurisdiction.
1478,100040018202600016,FIR,2026-07-04,18,4,1,4,Non-Heinous,Under Investigation,17.42549,76.85932,Vehicle Theft reported in the jurisdiction.
1479,100030017202600001,FIR,2026-07-05,17,3,1,2,Non-Heinous,Charge Sheeted,15.9617,74.38185,Burglary / House-breaking reported in the jurisdiction.
1480,100050026202600007,FIR,2026-07-05,26,5,5,13,Non-Heinous,Under Investigation,12.94814,74.88107,Possession reported in the jurisdiction.
1481,100010005202600015,FIR,2026-07-05,5,1,4,11,Non-Heinous,Under Investigation,12.8604,77.4946,Online Financial Fraud reported in the jurisdiction.
1482,100040019202600019,FIR,2026-07-05,19,4,1,3,Non-Heinous,Closed,17.40068,76.8575,Chain Snatching reported in the jurisdiction.
1483,100010004202600029,FIR,2026-07-05,4,1,2,8,Non-Heinous,Under Investigation,12.99797,77.6094,Assault reported in the jurisdiction.
1484,100030015202600011,FIR,2026-07-06,15,3,1,5,Non-Heinous,Under Investigation,15.77601,74.37271,Robbery reported in the jurisdiction.
1485,100020008202600010,FIR,2026-07-06,8,2,1,5,Non-Heinous,Charge Sheeted,12.28896,76.55586,Robbery reported in the jurisdiction.
1486,100020011202600013,FIR,2026-07-06,11,2,6,15,Non-Heinous,Undetected,12.33114,76.59808,Rioting reported in the jurisdiction.
1487,100030017202600020,FIR,2026-07-06,17,3,3,10,Non-Heinous,Closed,15.94734,74.40466,Domestic Violence Complaint reported in the jurisdiction.
1488,100040018202600013,FIR,2026-07-06,18,4,6,15,Non-Heinous,Charge Sheeted,17.41681,76.88238,Rioting reported in the jurisdiction.
1489,100030013202600028,FIR,2026-07-06,13,3,3,9,Non-Heinous,Closed,15.74607,74.48367,Molestation reported in the jurisdiction.
1490,300050026202600001,PAR,2026-07-07,26,5,3,10,Non-Heinous,Charge Sheeted,12.95804,74.91832,Domestic Violence Complaint reported in the jurisdiction.
1491,100010006202600032,FIR,2026-07-07,6,1,1,1,Non-Heinous,Closed,12.91656,77.61956,Theft — accused matches pattern seen in other station records.
1492,100060029202600005,FIR,2026-07-08,29,6,4,11,Non-Heinous,Charge Sheeted,13.30237,77.23913,Online Financial Fraud reported in the jurisdiction.
1493,100010006202600009,FIR,2026-07-08,6,1,4,12,Non-Heinous,Charge Sheeted,12.90871,77.60808,Social Media Harassment reported in the jurisdiction.
1494,100050025202600017,FIR,2026-07-08,25,5,1,4,Non-Heinous,Charge Sheeted,12.86824,74.90327,Vehicle Theft reported in the jurisdiction.
1495,100060030202600014,FIR,2026-07-09,30,6,1,2,Non-Heinous,Undetected,13.39054,77.11393,Burglary / House-breaking reported in the jurisdiction.
1496,100020009202600017,FIR,2026-07-09,9,2,1,5,Non-Heinous,Under Investigation,12.29845,76.72139,Robbery reported in the jurisdiction.
1497,100050024202600017,FIR,2026-07-09,24,5,3,9,Heinous,Under Investigation,12.97654,74.75838,Molestation reported in the jurisdiction.
1498,100010005202600003,FIR,2026-07-10,5,1,1,2,Non-Heinous,Closed,12.84991,77.50851,Burglary / House-breaking reported in the jurisdiction.
1499,100020011202600004,FIR,2026-07-10,11,2,6,15,Non-Heinous,Undetected,12.32932,76.59201,Rioting reported in the jurisdiction.
1500,100020011202600006,FIR,2026-07-10,11,2,6,15,Non-Heinous,Under Investigation,12.35566,76.59471,Rioting reported in the jurisdiction.
1501,100040022202600017,FIR,2026-07-10,22,4,3,10,Non-Heinous,Undetected,17.21532,76.76723,Domestic Violence Complaint reported in the jurisdiction.
1502,100040021202600012,FIR,2026-07-10,21,4,1,4,Non-Heinous,Undetected,17.27284,76.77298,Vehicle Theft reported in the jurisdiction.
1503,100010006202600033,FIR,2026-07-10,6,1,1,2,Non-Heinous,Charge Sheeted,12.926,77.6122,Burglary / House-breaking — accused matches pattern seen in other station records.
1504,100060027202600006,FIR,2026-07-11,27,6,4,12,Non-Heinous,Undetected,13.37109,77.05056,Social Media Harassment reported in the jurisdiction.
1505,100040020202600001,FIR,2026-07-12,20,4,1,3,Non-Heinous,Undetected,17.37495,76.74296,Chain Snatching reported in the jurisdiction.
1506,100030014202600011,FIR,2026-07-12,14,3,5,13,Non-Heinous,Under Investigation,15.79614,74.47818,Possession reported in the jurisdiction.
1507,100040018202600010,FIR,2026-07-12,18,4,4,11,Non-Heinous,Under Investigation,17.40175,76.84998,Online Financial Fraud reported in the jurisdiction.
1508,100020011202600005,FIR,2026-07-13,11,2,6,15,Non-Heinous,Charge Sheeted,12.3508,76.58726,Rioting reported in the jurisdiction.
1509,100010005202600013,FIR,2026-07-13,5,1,3,10,Heinous,Under Investigation,12.84521,77.51681,Domestic Violence Complaint reported in the jurisdiction.
1510,100030013202600009,FIR,2026-07-14,13,3,2,6,Heinous,Charge Sheeted,15.73443,74.45717,Grievous Hurt reported in the jurisdiction.
1511,100020008202600011,FIR,2026-07-14,8,2,5,13,Non-Heinous,Charge Sheeted,12.31299,76.58584,Possession reported in the jurisdiction.
1512,100040021202600021,FIR,2026-07-14,21,4,3,10,Heinous,Charge Sheeted,17.26791,76.77054,Domestic Violence Complaint reported in the jurisdiction.
1513,100040020202600027,FIR,2026-07-14,20,4,2,7,Heinous,Undetected,17.37968,76.71682,Murder reported in the jurisdiction.
1514,100050024202600029,FIR,2026-07-14,24,5,1,5,Non-Heinous,Under Investigation,13.00051,74.76349,Robbery — accused matches pattern seen in other station records.
1515,100020007202600002,FIR,2026-07-15,7,2,2,8,Heinous,Under Investigation,12.23845,76.65864,Assault reported in the jurisdiction.
1516,100020009202600005,FIR,2026-07-15,9,2,2,6,Heinous,Under Investigation,12.3234,76.70255,Grievous Hurt reported in the jurisdiction.
1517,100030017202600010,FIR,2026-07-15,17,3,4,12,Non-Heinous,Undetected,15.96748,74.38056,Social Media Harassment reported in the jurisdiction.
1518,100050023202600024,FIR,2026-07-15,23,5,3,10,Heinous,Closed,12.89168,74.83057,Domestic Violence Complaint reported in the jurisdiction.
